0 [127023578228608] INFO perfrun.launcher <> - Launcher main begin
0 [127023578228608] INFO perfrun.launcher <> - MessageCatalogInit finished
0 [127023578228608] INFO perfrun.launcher <> - Launcher instance created
0 [127023578228608] INFO perfrun.launcher <> - argc = 7; cmdline = /home/fabs/intel/oneapi/vtune/2026.0/bin64/amplxe-runss --ui-output-format xml --ui-output-fd 5 --option-file /home/fabs/Github/kmartinez_fmelendez_jserracin_a2-2026-s1/proyecto_2/models/r001hpc/config/runsa.options 
148 [127023578228608] INFO perfrun.perfcollector <> - SEP tool path: /home/fabs/intel/oneapi/vtune/2026.0/bin64/sep
155 [127023578228608] INFO perfrun.launcher <> - create msngr2::ICliToolContext
155 [127023578228608] INFO perfrun.launcher <> - create file finder object
155 [127023578228608] INFO perfrun.launcher <> - create a result directory: pattern = /home/fabs/Github/kmartinez_fmelendez_jserracin_a2-2026-s1/proyecto_2/models/r001hpc pid = 4294967295
156 [127023578228608] INFO perfrun.sdk <> - checked that the directory /home/fabs/Github/kmartinez_fmelendez_jserracin_a2-2026-s1/proyecto_2/models/r001hpc is a local directory
156 [127023578228608] INFO perfrun.sdk <> - the directory /home/fabs/Github/kmartinez_fmelendez_jserracin_a2-2026-s1/proyecto_2/models/r001hpc is a local directory with FS type ID 61267
156 [127023578228608] INFO perfrun.launcher <> - create data directory = /home/fabs/Github/kmartinez_fmelendez_jserracin_a2-2026-s1/proyecto_2/models/r001hpc/data.0
156 [127023578228608] INFO perfrun.launcher <> - Creating the master collection flag
159 [127023578228608] INFO perfrun.launcher <> - Done creating the master collection flag
159 [127023418697408] INFO perfrun.launcher <> - plugin [remoteplug] was disabled because it doesn't support the given collection type.
159 [127023418697408] INFO perfrun.system <> - online nodes : 0
159 [127023418697408] INFO perfrun.system <> - nodes with cpus : 0
159 [127023418697408] INFO perfrun.system <> - nodes with memory : 0
160 [127023418697408] INFO perfrun.sdk <> - Allocating TMU :/home/fabs/Github/kmartinez_fmelendez_jserracin_a2-2026-s1/proyecto_2/models/r001hpc/data.0/systemcollector-48424-Fabs-Computer.sc
160 [127023418697408] INFO perfrun.launcher <> - plugin [ptracecollector] was disabled because it doesn't support the given collection type.
160 [127023418697408] INFO perfrun.launcher <> - plugin [gpu] was disabled because it doesn't support the given collection type.
160 [127023418697408] INFO perfrun.launcher <> - plugin [] was disabled because it doesn't support the given collection type.
160 [127023418697408] INFO perfrun.launcher <> - plugin [] was disabled because it doesn't support the given collection type.
160 [127023418697408] INFO perfrun.launcher <> - plugin [] was disabled because it doesn't support the given collection type.
160 [127023418697408] INFO perfrun.mrte <> - system-wide mode is 0
160 [127023418697408] INFO perfrun.mrte <> - Getting  mrte profiling environment ...
165 [127023418697408] INFO perfrun.mrte <> - INTEL_MRTE_DATA_DIR=/home/fabs/Github/kmartinez_fmelendez_jserracin_a2-2026-s1/proyecto_2/models/r001hpc/data.0
165 [127023418697408] INFO perfrun.mrte <> - INTEL_MRTE_HOST_NAME=Fabs-Computer
165 [127023418697408] INFO perfrun.mrte <> - JAVA_TOOL_OPTIONS=-agentlib:amplxe_samplingmrte_javaprof_1.0 -Dsun.boot.library.path=/home/fabs/intel/oneapi/vtune/2026.0/lib32/runtime:/home/fabs/intel/oneapi/vtune/2026.0/lib64/runtime
165 [127023418697408] INFO perfrun.mrte <> - LD_LIBRARY_PATH=/home/fabs/intel/oneapi/vtune/2026.0/lib32/runtime:/home/fabs/intel/oneapi/vtune/2026.0/lib64/runtime:/home/fabs/intel/oneapi/tcm/1.5/lib:/home/fabs/intel/oneapi/umf/1.1/lib:/home/fabs/intel/oneapi/tcm/1.5/env/../lib:/home/fabs/intel/oneapi/tbb/2023.0/env/../lib/intel64/gcc4.8:/home/fabs/intel/oneapi/mpi/2021.18/opt/mpi/libfabric/lib:/home/fabs/intel/oneapi/mpi/2021.18/lib:/home/fabs/intel/oneapi/mkl/2026.0/lib:/home/fabs/intel/oneapi/ippcp/2026.0/lib/:/home/fabs/intel/oneapi/ipp/2026.0/lib:/home/fabs/intel/oneapi/dnnl/2026.0/lib:/home/fabs/intel/oneapi/debugger/2026.0/opt/debugger/lib:/home/fabs/intel/oneapi/compiler/2026.0/opt/compiler/lib:/home/fabs/intel/oneapi/compiler/2026.0/lib:/home/fabs/intel/oneapi/ccl/2022.0/lib/
165 [127023418697408] INFO perfrun.mrte <> - CORECLR_ENABLE_PROFILING=1
165 [127023418697408] INFO perfrun.mrte <> - CORECLR_PROFILER={AA5E4821-E3B1-479c-B7FF-5AD047D22CED}
165 [127023418697408] INFO perfrun.mrte <> - CORECLR_PROFILER_PATH=/home/fabs/intel/oneapi/vtune/2026.0/lib64/libamplxe_samplingmrte_clrprof_1.0.so
165 [127023418697408] INFO perfrun.mrte <> - INTEL_MRTE_PROFILER_MODE=mixed
165 [127023418697408] INFO perfrun.mrte <> - Data directory: /home/fabs/Github/kmartinez_fmelendez_jserracin_a2-2026-s1/proyecto_2/models/r001hpc/data.0
165 [127023418697408] INFO perfrun.mrte <> - Mrte plugin is initialized
165 [127023418697408] INFO perfrun.launcher <> - plugin [emon] was disabled because it doesn't support the given collection type.
165 [127023418697408] INFO perfrun.launcher <> - plugin [cuscol] was disabled because it doesn't support the given collection type.
165 [127023418697408] INFO perfrun.launcher <> - plugin [stdsrc] was disabled because it doesn't support the given collection type.
165 [127023418697408] INFO perfrun.launcher <> - plugin [sep] was disabled because it doesn't support the given collection type.
165 [127023418697408] INFO perfrun.launcher <> - plugin [vtsspp] was disabled because it doesn't support the given collection type.
165 [127023418697408] INFO perfrun.perfcollector <> - Platform type: 148
165 [127023418697408] INFO perfrun.sdk <> - Reading value (-1) from file: /proc/sys/kernel/perf_event_paranoid
165 [127023418697408] INFO perfrun.perfcollector <> - checking access to: /home/fabs/intel/oneapi/vtune/2026.0/bin64/amplxe-perf-priv
165 [127023418697408] INFO perfrun.perfcollector <> - dir found: /sys/bus/event_source/devices/software
165 [127023418697408] INFO perfrun.perfcollector <> - format: pmu format subdir doesn't exist
165 [127023418697408] INFO perfrun.perfcollector <> - hwInfo: not set, pmuFam: software
165 [127023418697408] INFO perfrun.perfcollector <> - pmu added: software, idx: 0
165 [127023418697408] INFO perfrun.perfcollector <> - dir found: /sys/bus/event_source/devices/uncore_imc_free_running_1
165 [127023418697408] INFO perfrun.perfcollector <> - format: event: config:0-7, mask:0-7
165 [127023418697408] INFO perfrun.perfcollector <> - format: umask: config:8-15, mask:8-15
165 [127023418697408] INFO perfrun.perfcollector <> - hwInfo: not set, pmuFam: uncore_imc_free_running
165 [127023418697408] INFO perfrun.perfcollector <> - pmu caps: raw,format,events
165 [127023418697408] INFO perfrun.perfcollector <> - pmu added: uncore_imc_free_running, idx: 1
165 [127023418697408] INFO perfrun.perfcollector <> - dir found: /sys/bus/event_source/devices/uncore_arb_0
165 [127023418697408] INFO perfrun.perfcollector <> - format: event: config:0-7, mask:0-7
165 [127023418697408] INFO perfrun.perfcollector <> - format: edge: config:18, mask:18
165 [127023418697408] INFO perfrun.perfcollector <> - format: inv: config:23, mask:23
165 [127023418697408] INFO perfrun.perfcollector <> - format: umask: config:8-15, mask:8-15
165 [127023418697408] INFO perfrun.perfcollector <> - format: cmask: config:24-28, mask:24-28
165 [127023418697408] INFO perfrun.perfcollector <> - hwInfo: not set, pmuFam: uncore_arb
165 [127023418697408] INFO perfrun.perfcollector <> - pmu caps: raw,format
165 [127023418697408] INFO perfrun.perfcollector <> - pmu added: uncore_arb, idx: 0
165 [127023418697408] INFO perfrun.perfcollector <> - dir found: /sys/bus/event_source/devices/cpu_core
165 [127023418697408] INFO perfrun.perfcollector <> - format: event: config:0-7, mask:0-7
165 [127023418697408] INFO perfrun.perfcollector <> - format: pc: config:19, mask:19
165 [127023418697408] INFO perfrun.perfcollector <> - format: edge: config:18, mask:18
165 [127023418697408] INFO perfrun.perfcollector <> - format: offcore_rsp: config1:0-63, mask:0-63
165 [127023418697408] INFO perfrun.perfcollector <> - format: ldlat: config1:0-15, mask:0-15
165 [127023418697408] INFO perfrun.perfcollector <> - format: inv: config:23, mask:23
165 [127023418697408] INFO perfrun.perfcollector <> - format: umask: config:8-15, mask:8-15
165 [127023418697408] INFO perfrun.perfcollector <> - format: frontend: config1:0-23, mask:0-23
165 [127023418697408] INFO perfrun.perfcollector <> - format: cmask: config:24-31, mask:24-31
165 [127023418697408] INFO perfrun.perfcollector <> - hwInfo: PERF_CPU_PMU_DETAILS
165 [127023418697408] INFO perfrun.perfcollector <> - pmu caps: raw,format,events,ldlat,frontend,offcore_rsp
165 [127023418697408] INFO perfrun.perfcollector <> - pmu added: cpu_core, idx: 0
165 [127023418697408] INFO perfrun.perfcollector <> - dir found: /sys/bus/event_source/devices/uncore_clock
165 [127023418697408] INFO perfrun.perfcollector <> - format: event: config:0-7, mask:0-7
165 [127023418697408] INFO perfrun.perfcollector <> - hwInfo: not set, pmuFam: uncore_clock
165 [127023418697408] INFO perfrun.perfcollector <> - pmu caps: raw,format,events
165 [127023418697408] INFO perfrun.perfcollector <> - pmu added: uncore_clock, idx: 0
165 [127023418697408] INFO perfrun.perfcollector <> - dir found: /sys/bus/event_source/devices/uncore_imc_1
165 [127023418697408] INFO perfrun.perfcollector <> - format: event: config:0-7, mask:0-7
165 [127023418697408] INFO perfrun.perfcollector <> - format: edge: config:18, mask:18
165 [127023418697408] INFO perfrun.perfcollector <> - format: chmask: config:8-11, mask:8-11
165 [127023418697408] INFO perfrun.perfcollector <> - hwInfo: PERF_IMC_PMU_DETAILS
165 [127023418697408] INFO perfrun.perfcollector <> - pmu caps: raw,format
165 [127023418697408] INFO perfrun.perfcollector <> - pmu added: uncore_imc, idx: 1
165 [127023418697408] INFO perfrun.perfcollector <> - dir found: /sys/bus/event_source/devices/power
165 [127023418697408] INFO perfrun.perfcollector <> - format: event: config:0-7, mask:0-7
165 [127023418697408] INFO perfrun.perfcollector <> - hwInfo: not set, pmuFam: power
165 [127023418697408] INFO perfrun.perfcollector <> - pmu caps: raw,format,events
165 [127023418697408] INFO perfrun.perfcollector <> - pmu added: power, idx: 0
165 [127023418697408] INFO perfrun.perfcollector <> - dir found: /sys/bus/event_source/devices/uncore_cbox_4
165 [127023418697408] INFO perfrun.perfcollector <> - format: event: config:0-7, mask:0-7
165 [127023418697408] INFO perfrun.perfcollector <> - format: edge: config:18, mask:18
165 [127023418697408] INFO perfrun.perfcollector <> - format: threshold: config:24-29, mask:24-29
165 [127023418697408] INFO perfrun.perfcollector <> - format: inv: config:23, mask:23
165 [127023418697408] INFO perfrun.perfcollector <> - format: umask: config:8-15, mask:8-15
165 [127023418697408] INFO perfrun.perfcollector <> - hwInfo: PERF_CBOX_PMU_DETAILS
165 [127023418697408] INFO perfrun.perfcollector <> - pmu caps: raw,format
165 [127023418697408] INFO perfrun.perfcollector <> - pmu added: uncore_cbox, idx: 4
165 [127023418697408] INFO perfrun.perfcollector <> - dir found: /sys/bus/event_source/devices/uprobe
165 [127023418697408] INFO perfrun.perfcollector <> - format: ref_ctr_offset: config:32-63, mask:32-63
165 [127023418697408] INFO perfrun.perfcollector <> - format: retprobe: config:0, mask:0
165 [127023418697408] INFO perfrun.perfcollector <> - hwInfo: not set, pmuFam: uprobe
165 [127023418697408] INFO perfrun.perfcollector <> - pmu caps: raw,format
165 [127023418697408] INFO perfrun.perfcollector <> - pmu added: uprobe, idx: 0
165 [127023418697408] INFO perfrun.perfcollector <> - dir found: /sys/bus/event_source/devices/intel_bts
165 [127023418697408] INFO perfrun.perfcollector <> - format: pmu format subdir doesn't exist
165 [127023418697408] INFO perfrun.perfcollector <> - hwInfo: not set, pmuFam: intel_bts
165 [127023418697408] INFO perfrun.perfcollector <> - pmu added: intel_bts, idx: 0
165 [127023418697408] INFO perfrun.perfcollector <> - dir found: /sys/bus/event_source/devices/cpu_atom
165 [127023418697408] INFO perfrun.perfcollector <> - format: event: config:0-7, mask:0-7
165 [127023418697408] INFO perfrun.perfcollector <> - format: pc: config:19, mask:19
165 [127023418697408] INFO perfrun.perfcollector <> - format: edge: config:18, mask:18
165 [127023418697408] INFO perfrun.perfcollector <> - format: offcore_rsp: config1:0-63, mask:0-63
165 [127023418697408] INFO perfrun.perfcollector <> - format: ldlat: config1:0-15, mask:0-15
165 [127023418697408] INFO perfrun.perfcollector <> - format: inv: config:23, mask:23
165 [127023418697408] INFO perfrun.perfcollector <> - format: umask: config:8-15, mask:8-15
165 [127023418697408] INFO perfrun.perfcollector <> - format: cmask: config:24-31, mask:24-31
165 [127023418697408] INFO perfrun.perfcollector <> - hwInfo: PERF_CPU_PMU_DETAILS
165 [127023418697408] INFO perfrun.perfcollector <> - pmu caps: raw,format,events,ldlat,offcore_rsp
165 [127023418697408] INFO perfrun.perfcollector <> - pmu added: cpu_atom, idx: 0
165 [127023418697408] INFO perfrun.perfcollector <> - dir found: /sys/bus/event_source/devices/cstate_core
165 [127023418697408] INFO perfrun.perfcollector <> - format: event: config:0-63, mask:0-63
165 [127023418697408] INFO perfrun.perfcollector <> - hwInfo: not set, pmuFam: cstate_core
165 [127023418697408] INFO perfrun.perfcollector <> - pmu caps: raw,format,events
165 [127023418697408] INFO perfrun.perfcollector <> - pmu added: cstate_core, idx: 0
165 [127023418697408] INFO perfrun.perfcollector <> - dir found: /sys/bus/event_source/devices/uncore_cbox_2
165 [127023418697408] INFO perfrun.perfcollector <> - format: event: config:0-7, mask:0-7
165 [127023418697408] INFO perfrun.perfcollector <> - format: edge: config:18, mask:18
165 [127023418697408] INFO perfrun.perfcollector <> - format: threshold: config:24-29, mask:24-29
165 [127023418697408] INFO perfrun.perfcollector <> - format: inv: config:23, mask:23
165 [127023418697408] INFO perfrun.perfcollector <> - format: umask: config:8-15, mask:8-15
165 [127023418697408] INFO perfrun.perfcollector <> - hwInfo: PERF_CBOX_PMU_DETAILS
165 [127023418697408] INFO perfrun.perfcollector <> - pmu caps: raw,format
165 [127023418697408] INFO perfrun.perfcollector <> - pmu added: uncore_cbox, idx: 2
165 [127023418697408] INFO perfrun.perfcollector <> - dir found: /sys/bus/event_source/devices/breakpoint
165 [127023418697408] INFO perfrun.perfcollector <> - format: pmu format subdir doesn't exist
165 [127023418697408] INFO perfrun.perfcollector <> - hwInfo: not set, pmuFam: breakpoint
165 [127023418697408] INFO perfrun.perfcollector <> - pmu added: breakpoint, idx: 0
165 [127023418697408] INFO perfrun.perfcollector <> - dir found: /sys/bus/event_source/devices/uncore_arb_1
165 [127023418697408] INFO perfrun.perfcollector <> - format: event: config:0-7, mask:0-7
165 [127023418697408] INFO perfrun.perfcollector <> - format: edge: config:18, mask:18
165 [127023418697408] INFO perfrun.perfcollector <> - format: inv: config:23, mask:23
165 [127023418697408] INFO perfrun.perfcollector <> - format: umask: config:8-15, mask:8-15
165 [127023418697408] INFO perfrun.perfcollector <> - format: cmask: config:24-28, mask:24-28
165 [127023418697408] INFO perfrun.perfcollector <> - hwInfo: not set, pmuFam: uncore_arb
165 [127023418697408] INFO perfrun.perfcollector <> - pmu caps: raw,format
165 [127023418697408] INFO perfrun.perfcollector <> - pmu added: uncore_arb, idx: 1
165 [127023418697408] INFO perfrun.perfcollector <> - dir found: /sys/bus/event_source/devices/uncore_cbox_0
165 [127023418697408] INFO perfrun.perfcollector <> - format: event: config:0-7, mask:0-7
165 [127023418697408] INFO perfrun.perfcollector <> - format: edge: config:18, mask:18
165 [127023418697408] INFO perfrun.perfcollector <> - format: threshold: config:24-29, mask:24-29
165 [127023418697408] INFO perfrun.perfcollector <> - format: inv: config:23, mask:23
165 [127023418697408] INFO perfrun.perfcollector <> - format: umask: config:8-15, mask:8-15
165 [127023418697408] INFO perfrun.perfcollector <> - hwInfo: PERF_CBOX_PMU_DETAILS
165 [127023418697408] INFO perfrun.perfcollector <> - pmu caps: raw,format
165 [127023418697408] INFO perfrun.perfcollector <> - pmu added: uncore_cbox, idx: 0
165 [127023418697408] INFO perfrun.perfcollector <> - dir found: /sys/bus/event_source/devices/tracepoint
165 [127023418697408] INFO perfrun.perfcollector <> - format: pmu format subdir doesn't exist
165 [127023418697408] INFO perfrun.perfcollector <> - hwInfo: not set, pmuFam: tracepoint
165 [127023418697408] INFO perfrun.perfcollector <> - pmu added: tracepoint, idx: 0
165 [127023418697408] INFO perfrun.perfcollector <> - dir found: /sys/bus/event_source/devices/cstate_pkg
165 [127023418697408] INFO perfrun.perfcollector <> - format: event: config:0-63, mask:0-63
165 [127023418697408] INFO perfrun.perfcollector <> - hwInfo: not set, pmuFam: cstate_pkg
165 [127023418697408] INFO perfrun.perfcollector <> - pmu caps: raw,format,events
165 [127023418697408] INFO perfrun.perfcollector <> - pmu added: cstate_pkg, idx: 0
166 [127023418697408] INFO perfrun.perfcollector <> - dir found: /sys/bus/event_source/devices/uncore_imc_free_running_0
166 [127023418697408] INFO perfrun.perfcollector <> - format: event: config:0-7, mask:0-7
166 [127023418697408] INFO perfrun.perfcollector <> - format: umask: config:8-15, mask:8-15
166 [127023418697408] INFO perfrun.perfcollector <> - hwInfo: not set, pmuFam: uncore_imc_free_running
166 [127023418697408] INFO perfrun.perfcollector <> - pmu caps: raw,format,events
166 [127023418697408] INFO perfrun.perfcollector <> - pmu added: uncore_imc_free_running, idx: 0
166 [127023418697408] INFO perfrun.perfcollector <> - dir found: /sys/bus/event_source/devices/kprobe
166 [127023418697408] INFO perfrun.perfcollector <> - format: retprobe: config:0, mask:0
166 [127023418697408] INFO perfrun.perfcollector <> - hwInfo: not set, pmuFam: kprobe
166 [127023418697408] INFO perfrun.perfcollector <> - pmu caps: raw,format
166 [127023418697408] INFO perfrun.perfcollector <> - pmu added: kprobe, idx: 0
166 [127023418697408] INFO perfrun.perfcollector <> - dir found: /sys/bus/event_source/devices/uncore_cbox_5
166 [127023418697408] INFO perfrun.perfcollector <> - format: event: config:0-7, mask:0-7
166 [127023418697408] INFO perfrun.perfcollector <> - format: edge: config:18, mask:18
166 [127023418697408] INFO perfrun.perfcollector <> - format: threshold: config:24-29, mask:24-29
166 [127023418697408] INFO perfrun.perfcollector <> - format: inv: config:23, mask:23
166 [127023418697408] INFO perfrun.perfcollector <> - format: umask: config:8-15, mask:8-15
166 [127023418697408] INFO perfrun.perfcollector <> - hwInfo: PERF_CBOX_PMU_DETAILS
166 [127023418697408] INFO perfrun.perfcollector <> - pmu caps: raw,format
166 [127023418697408] INFO perfrun.perfcollector <> - pmu added: uncore_cbox, idx: 5
166 [127023418697408] INFO perfrun.perfcollector <> - dir found: /sys/bus/event_source/devices/uncore_imc_0
166 [127023418697408] INFO perfrun.perfcollector <> - format: event: config:0-7, mask:0-7
166 [127023418697408] INFO perfrun.perfcollector <> - format: edge: config:18, mask:18
166 [127023418697408] INFO perfrun.perfcollector <> - format: chmask: config:8-11, mask:8-11
166 [127023418697408] INFO perfrun.perfcollector <> - hwInfo: PERF_IMC_PMU_DETAILS
166 [127023418697408] INFO perfrun.perfcollector <> - pmu caps: raw,format
166 [127023418697408] INFO perfrun.perfcollector <> - pmu added: uncore_imc, idx: 0
166 [127023418697408] INFO perfrun.perfcollector <> - dir found: /sys/bus/event_source/devices/i915
166 [127023418697408] INFO perfrun.perfcollector <> - format: i915_eventid: config:0-20, mask:0-20
166 [127023418697408] INFO perfrun.perfcollector <> - hwInfo: not set, pmuFam: i915
166 [127023418697408] INFO perfrun.perfcollector <> - pmu caps: raw,format,events
166 [127023418697408] INFO perfrun.perfcollector <> - pmu added: i915, idx: 0
166 [127023418697408] INFO perfrun.perfcollector <> - dir found: /sys/bus/event_source/devices/msr
166 [127023418697408] INFO perfrun.perfcollector <> - format: event: config:0-63, mask:0-63
166 [127023418697408] INFO perfrun.perfcollector <> - hwInfo: not set, pmuFam: msr
166 [127023418697408] INFO perfrun.perfcollector <> - pmu caps: raw,format,events
166 [127023418697408] INFO perfrun.perfcollector <> - pmu added: msr, idx: 0
166 [127023418697408] INFO perfrun.perfcollector <> - dir found: /sys/bus/event_source/devices/uncore_cbox_3
166 [127023418697408] INFO perfrun.perfcollector <> - format: event: config:0-7, mask:0-7
166 [127023418697408] INFO perfrun.perfcollector <> - format: edge: config:18, mask:18
166 [127023418697408] INFO perfrun.perfcollector <> - format: threshold: config:24-29, mask:24-29
166 [127023418697408] INFO perfrun.perfcollector <> - format: inv: config:23, mask:23
166 [127023418697408] INFO perfrun.perfcollector <> - format: umask: config:8-15, mask:8-15
166 [127023418697408] INFO perfrun.perfcollector <> - hwInfo: PERF_CBOX_PMU_DETAILS
166 [127023418697408] INFO perfrun.perfcollector <> - pmu caps: raw,format
166 [127023418697408] INFO perfrun.perfcollector <> - pmu added: uncore_cbox, idx: 3
166 [127023418697408] INFO perfrun.perfcollector <> - dir found: /sys/bus/event_source/devices/intel_pt
166 [127023418697408] INFO perfrun.perfcollector <> - format: ptw: config:12, mask:12
166 [127023418697408] INFO perfrun.perfcollector <> - format: event: config:31, mask:31
166 [127023418697408] INFO perfrun.perfcollector <> - format: cyc_thresh: config:19-22, mask:19-22
166 [127023418697408] INFO perfrun.perfcollector <> - format: pt: config:0, mask:0
166 [127023418697408] INFO perfrun.perfcollector <> - format: notnt: config:55, mask:55
166 [127023418697408] INFO perfrun.perfcollector <> - format: branch: config:13, mask:13
166 [127023418697408] INFO perfrun.perfcollector <> - format: tsc: config:10, mask:10
166 [127023418697408] INFO perfrun.perfcollector <> - format: pwr_evt: config:4, mask:4
166 [127023418697408] INFO perfrun.perfcollector <> - format: fup_on_ptw: config:5, mask:5
166 [127023418697408] INFO perfrun.perfcollector <> - format: cyc: config:1, mask:1
166 [127023418697408] INFO perfrun.perfcollector <> - format: noretcomp: config:11, mask:11
166 [127023418697408] INFO perfrun.perfcollector <> - format: mtc: config:9, mask:9
166 [127023418697408] INFO perfrun.perfcollector <> - format: psb_period: config:24-27, mask:24-27
166 [127023418697408] INFO perfrun.perfcollector <> - format: mtc_period: config:14-17, mask:14-17
166 [127023418697408] INFO perfrun.perfcollector <> - hwInfo: not set, pmuFam: intel_pt
166 [127023418697408] INFO perfrun.perfcollector <> - pmu caps: raw,format
166 [127023418697408] INFO perfrun.perfcollector <> - pmu added: intel_pt, idx: 0
166 [127023418697408] INFO perfrun.perfcollector <> - dir found: /sys/bus/event_source/devices/uncore_cbox_1
166 [127023418697408] INFO perfrun.perfcollector <> - format: event: config:0-7, mask:0-7
166 [127023418697408] INFO perfrun.perfcollector <> - format: edge: config:18, mask:18
166 [127023418697408] INFO perfrun.perfcollector <> - format: threshold: config:24-29, mask:24-29
166 [127023418697408] INFO perfrun.perfcollector <> - format: inv: config:23, mask:23
166 [127023418697408] INFO perfrun.perfcollector <> - format: umask: config:8-15, mask:8-15
166 [127023418697408] INFO perfrun.perfcollector <> - hwInfo: PERF_CBOX_PMU_DETAILS
166 [127023418697408] INFO perfrun.perfcollector <> - pmu caps: raw,format
166 [127023418697408] INFO perfrun.perfcollector <> - pmu added: uncore_cbox, idx: 1
166 [127023418697408] INFO perfrun.perfcollector <> - Perf tool path: /home/fabs/intel/oneapi/vtune/2026.0/bin64/amplxe-perf
166 [127023418697408] INFO perfrun.perfcollector <> - Data directory: /home/fabs/Github/kmartinez_fmelendez_jserracin_a2-2026-s1/proyecto_2/models/r001hpc/data.0
166 [127023418697408] INFO perfrun.perfcollector <> - Temp directory: /tmp/amplxe-tmp-fabs
166 [127023418697408] INFO perfrun.perfcollector <> - Perf sync path: /home/fabs/intel/oneapi/vtune/2026.0/bin64/amplxe-perf-sync
166 [127023418697408] INFO perfrun.perfcollector <> - Hypervisor = None
166 [127023418697408] INFO perfrun.perfcollector <> - Ignore sample after value: 0
166 [127023418697408] INFO perfrun.perfcollector <> - Counter read interval: 10
166 [127023418697408] INFO perfrun.perfcollector <> - Counting mode is requested
166 [127023418697408] INFO perfrun.perfcollector <> - Sampling mode is requested
166 [127023418697408] INFO perfrun.perfcollector <> - Compression level: 1
166 [127023418697408] INFO perfrun.perfcollector <> - Perf threads mode: CPU
166 [127023418697408] INFO perfrun.perfcollector <> - Perf sync mode is disabled
166 [127023418697408] INFO perfrun.perfcollector <> - No MPI detected
166 [127023418697408] WARN perfrun.launcher <> - Messenger::say: To profile kernel modules during the session, make sure they are available in the /lib/modules/kernel_version/ location.
166 [127023418697408] INFO perfrun.perfcollector <> - Perf system-wide mode: 1
166 [127023418697408] INFO perfrun.perfcollector <> - Sample after multiplier: 1
166 [127023418697408] INFO perfrun.sdk <> - runCmd: /home/fabs/intel/oneapi/vtune/2026.0/bin64/sep -dry-run -sam 1 -ec CPU_CLK_UNHALTED.THREAD:sa=2500000,CPU_CLK_UNHALTED.REF_TSC:sample:sa=2500000,INST_RETIRED.ANY:sample:sa=2500000,CPU_CLK_UNHALTED.DISTRIBUTED:sa=2500000,CPU_CLK_UNHALTED.THREAD_P,EXE_ACTIVITY.BOUND_ON_LOADS,FP_ARITH_DISPATCHED.PORT_0,FP_ARITH_DISPATCHED.PORT_1,FP_ARITH_DISPATCHED.PORT_5,FP_ARITH_INST_RETIRED.128B_PACKED_DOUBLE:sa=2000003,FP_ARITH_INST_RETIRED.128B_PACKED_SINGLE:sa=2000003,FP_ARITH_INST_RETIRED.256B_PACKED_DOUBLE:sa=2000003,FP_ARITH_INST_RETIRED.256B_PACKED_SINGLE:sa=2000003,FP_ARITH_INST_RETIRED.4_FLOPS,FP_ARITH_INST_RETIRED.SCALAR,FP_ARITH_INST_RETIRED.SCALAR_DOUBLE:sa=2000003,FP_ARITH_INST_RETIRED.SCALAR_SINGLE:sa=2000003,FP_ARITH_INST_RETIRED.VECTOR,FRONTEND_RETIRED.LATENCY_GE_4,IDQ_BUBBLES.CORE,INT_MISC.UOP_DROPPING,MEMORY_ACTIVITY.STALLS_L1D_MISS,MEMORY_ACTIVITY.STALLS_L2_MISS,MEMORY_ACTIVITY.STALLS_L3_MISS,MEM_LOAD_RETIRED.L1_HIT,MEM_LOAD_RETIRED.L2_HIT,MEM_LOAD_RETIRED.L3_HIT,MEM_LOAD_RETIRED.L3_MISS,TOPDOWN.BACKEND_BOUND_SLOTS,TOPDOWN.MEMORY_BOUND_SLOTS,TOPDOWN.SLOTS,UOPS_RETIRED.SLOTS:sa=2000003,LD_HEAD.L1_BOUND_AT_RET,LD_HEAD.WCB_FULL,MEM_BOUND_STALLS.LOAD,MEM_BOUND_STALLS.LOAD_DRAM_HIT,MEM_BOUND_STALLS.LOAD_L2_HIT,MEM_BOUND_STALLS.LOAD_LLC_HIT,MEM_SCHEDULER_BLOCK.ALL,MEM_SCHEDULER_BLOCK.ST_BUF,TOPDOWN_BE_BOUND.ALL,TOPDOWN_BE_BOUND.ALLOC_RESTRICTIONS,TOPDOWN_BE_BOUND.MEM_SCHEDULER,TOPDOWN_BE_BOUND.SERIALIZATION,TOPDOWN_FE_BOUND.ALL,TOPDOWN_RETIRING.ALL,TOPDOWN.SLOTS_P,MEM_INST_RETIRED.ALL_STORES:sa=100003,MEM_INST_RETIRED.ALL_LOADS:sa=100003,UOPS_EXECUTED.X87:sa=2000003,UOPS_EXECUTED.THREAD:sa=2000003,UNC_M_CAS_COUNT_RD,UNC_M_CAS_COUNT_WR -experimental
166 [127023418697408] INFO perfrun.sdk <> - runCmd started PID 48428
176 [127023418697408] INFO perfrun.perfcollector <> - SepDryRun RC = true
176 [127023418697408] INFO perfrun.perfcollector <> - Loading SEP event configuration
176 [127023418697408] INFO perfrun.perfcollector <> - pmu: cpu_core
176 [127023418697408] INFO perfrun.perfcollector <> - group_id: 0
176 [127023418697408] INFO perfrun.perfcollector <> - event_id: 2: INST_RETIRED.ANY
176 [127023418697408] INFO perfrun.perfcollector <> - event_id: 0: CPU_CLK_UNHALTED.THREAD
176 [127023418697408] INFO perfrun.perfcollector <> - event_id: 1: CPU_CLK_UNHALTED.REF_TSC
176 [127023418697408] INFO perfrun.perfcollector <> - event_id: 30: TOPDOWN.SLOTS
176 [127023418697408] INFO perfrun.perfcollector <> - event_id: 21: MEMORY_ACTIVITY.STALLS_L1D_MISS
176 [127023418697408] INFO perfrun.perfcollector <> - event_id: 22: MEMORY_ACTIVITY.STALLS_L2_MISS
176 [127023418697408] INFO perfrun.perfcollector <> - event_id: 23: MEMORY_ACTIVITY.STALLS_L3_MISS
176 [127023418697408] INFO perfrun.perfcollector <> - event_id: 24: MEM_LOAD_RETIRED.L1_HIT
176 [127023418697408] INFO perfrun.perfcollector <> - event_id: 3: CPU_CLK_UNHALTED.DISTRIBUTED
176 [127023418697408] INFO perfrun.perfcollector <> - event_id: 4: CPU_CLK_UNHALTED.THREAD_P
176 [127023418697408] INFO perfrun.perfcollector <> - event_id: 5: EXE_ACTIVITY.BOUND_ON_LOADS
176 [127023418697408] INFO perfrun.perfcollector <> - event_id: 6: FP_ARITH_DISPATCHED.PORT_0
176 [127023418697408] INFO perfrun.perfcollector <> - group_id: 0: pebs_enable: addr: 3f1, value: f000000ff
176 [127023418697408] INFO perfrun.perfcollector <> - event_id: 21: cccr: addr: 186, value: 403430347
176 [127023418697408] INFO perfrun.perfcollector <> - event_id: 22: cccr: addr: 187, value: 405430547
176 [127023418697408] INFO perfrun.perfcollector <> - event_id: 23: cccr: addr: 188, value: 409430947
176 [127023418697408] INFO perfrun.perfcollector <> - event_id: 24: cccr: addr: 189, value: 4004301d1
176 [127023418697408] INFO perfrun.perfcollector <> - event_id: 3: cccr: addr: 18a, value: 4004302ec
176 [127023418697408] INFO perfrun.perfcollector <> - event_id: 4: cccr: addr: 18b, value: 40043003c
176 [127023418697408] INFO perfrun.perfcollector <> - event_id: 5: cccr: addr: 18c, value: 4054321a6
176 [127023418697408] INFO perfrun.perfcollector <> - event_id: 6: cccr: addr: 18d, value: 4004301b3
176 [127023418697408] INFO perfrun.perfcollector <> - event_id: 2: data: addr: 309, value: ffffffffffd9da60
176 [127023418697408] INFO perfrun.perfcollector <> - event_id: 0: data: addr: 30a, value: ffffffffffd9da60
176 [127023418697408] INFO perfrun.perfcollector <> - event_id: 1: data: addr: 30b, value: ffffffffffd9da60
176 [127023418697408] INFO perfrun.perfcollector <> - event_id: 30: data: addr: 30c, value: ffffffffff67697d
176 [127023418697408] INFO perfrun.perfcollector <> - event_id: 21: data: addr: c1, value: fffffffffff0bdbd
176 [127023418697408] INFO perfrun.perfcollector <> - event_id: 22: data: addr: c2, value: fffffffffff0bdbd
176 [127023418697408] INFO perfrun.perfcollector <> - event_id: 23: data: addr: c3, value: fffffffffff0bdbd
176 [127023418697408] INFO perfrun.perfcollector <> - event_id: 24: data: addr: c4, value: fffffffffff0bdbd
176 [127023418697408] INFO perfrun.perfcollector <> - event_id: 3: data: addr: c5, value: ffffffffffd9da60
176 [127023418697408] INFO perfrun.perfcollector <> - event_id: 4: data: addr: c6, value: ffffffffffe17b7d
176 [127023418697408] INFO perfrun.perfcollector <> - event_id: 5: data: addr: c7, value: ffffffffffe17b7d
176 [127023418697408] INFO perfrun.perfcollector <> - event_id: 6: data: addr: c8, value: ffffffffffe17b7d
176 [127023418697408] INFO perfrun.perfcollector <> - group_id: 1
176 [127023418697408] INFO perfrun.perfcollector <> - event_id: 2: INST_RETIRED.ANY
176 [127023418697408] INFO perfrun.perfcollector <> - event_id: 0: CPU_CLK_UNHALTED.THREAD
176 [127023418697408] INFO perfrun.perfcollector <> - event_id: 1: CPU_CLK_UNHALTED.REF_TSC
176 [127023418697408] INFO perfrun.perfcollector <> - event_id: 30: TOPDOWN.SLOTS
176 [127023418697408] INFO perfrun.perfcollector <> - event_id: 25: MEM_LOAD_RETIRED.L2_HIT
176 [127023418697408] INFO perfrun.perfcollector <> - event_id: 26: MEM_LOAD_RETIRED.L3_HIT
176 [127023418697408] INFO perfrun.perfcollector <> - event_id: 27: MEM_LOAD_RETIRED.L3_MISS
176 [127023418697408] INFO perfrun.perfcollector <> - event_id: 47: MEM_INST_RETIRED.ALL_STORES
176 [127023418697408] INFO perfrun.perfcollector <> - event_id: 7: FP_ARITH_DISPATCHED.PORT_1
176 [127023418697408] INFO perfrun.perfcollector <> - event_id: 8: FP_ARITH_DISPATCHED.PORT_5
176 [127023418697408] INFO perfrun.perfcollector <> - event_id: 9: FP_ARITH_INST_RETIRED.128B_PACKED_DOUBLE
176 [127023418697408] INFO perfrun.perfcollector <> - event_id: 10: FP_ARITH_INST_RETIRED.128B_PACKED_SINGLE
176 [127023418697408] INFO perfrun.perfcollector <> - group_id: 1: pebs_enable: addr: 3f1, value: f000000ff
176 [127023418697408] INFO perfrun.perfcollector <> - event_id: 25: cccr: addr: 186, value: 4004302d1
176 [127023418697408] INFO perfrun.perfcollector <> - event_id: 26: cccr: addr: 187, value: 4004304d1
176 [127023418697408] INFO perfrun.perfcollector <> - event_id: 27: cccr: addr: 188, value: 4004320d1
176 [127023418697408] INFO perfrun.perfcollector <> - event_id: 47: cccr: addr: 189, value: 4004382d0
176 [127023418697408] INFO perfrun.perfcollector <> - event_id: 7: cccr: addr: 18a, value: 4004302b3
176 [127023418697408] INFO perfrun.perfcollector <> - event_id: 8: cccr: addr: 18b, value: 4004304b3
176 [127023418697408] INFO perfrun.perfcollector <> - event_id: 9: cccr: addr: 18c, value: 4004304c7
176 [127023418697408] INFO perfrun.perfcollector <> - event_id: 10: cccr: addr: 18d, value: 4004308c7
176 [127023418697408] INFO perfrun.perfcollector <> - event_id: 2: data: addr: 309, value: ffffffffffd9da60
176 [127023418697408] INFO perfrun.perfcollector <> - event_id: 0: data: addr: 30a, value: ffffffffffd9da60
176 [127023418697408] INFO perfrun.perfcollector <> - event_id: 1: data: addr: 30b, value: ffffffffffd9da60
176 [127023418697408] INFO perfrun.perfcollector <> - event_id: 30: data: addr: 30c, value: ffffffffff67697d
176 [127023418697408] INFO perfrun.perfcollector <> - event_id: 25: data: addr: c1, value: fffffffffffcf2bd
176 [127023418697408] INFO perfrun.perfcollector <> - event_id: 26: data: addr: c2, value: fffffffffffe794b
176 [127023418697408] INFO perfrun.perfcollector <> - event_id: 27: data: addr: c3, value: ffffffffffff3c9b
176 [127023418697408] INFO perfrun.perfcollector <> - event_id: 47: data: addr: c4, value: fffffffffffe795d
176 [127023418697408] INFO perfrun.perfcollector <> - event_id: 7: data: addr: c5, value: ffffffffffe17b7d
176 [127023418697408] INFO perfrun.perfcollector <> - event_id: 8: data: addr: c6, value: ffffffffffe17b7d
176 [127023418697408] INFO perfrun.perfcollector <> - event_id: 9: data: addr: c7, value: ffffffffffe17b7d
176 [127023418697408] INFO perfrun.perfcollector <> - event_id: 10: data: addr: c8, value: ffffffffffe17b7d
176 [127023418697408] INFO perfrun.perfcollector <> - group_id: 2
176 [127023418697408] INFO perfrun.perfcollector <> - event_id: 2: INST_RETIRED.ANY
176 [127023418697408] INFO perfrun.perfcollector <> - event_id: 0: CPU_CLK_UNHALTED.THREAD
176 [127023418697408] INFO perfrun.perfcollector <> - event_id: 1: CPU_CLK_UNHALTED.REF_TSC
176 [127023418697408] INFO perfrun.perfcollector <> - event_id: 30: TOPDOWN.SLOTS
176 [127023418697408] INFO perfrun.perfcollector <> - event_id: 48: MEM_INST_RETIRED.ALL_LOADS
176 [127023418697408] INFO perfrun.perfcollector <> - event_id: 11: FP_ARITH_INST_RETIRED.256B_PACKED_DOUBLE
176 [127023418697408] INFO perfrun.perfcollector <> - event_id: 12: FP_ARITH_INST_RETIRED.256B_PACKED_SINGLE
176 [127023418697408] INFO perfrun.perfcollector <> - event_id: 13: FP_ARITH_INST_RETIRED.4_FLOPS
176 [127023418697408] INFO perfrun.perfcollector <> - event_id: 14: FP_ARITH_INST_RETIRED.SCALAR
176 [127023418697408] INFO perfrun.perfcollector <> - event_id: 15: FP_ARITH_INST_RETIRED.SCALAR_DOUBLE
176 [127023418697408] INFO perfrun.perfcollector <> - event_id: 16: FP_ARITH_INST_RETIRED.SCALAR_SINGLE
176 [127023418697408] INFO perfrun.perfcollector <> - event_id: 17: FP_ARITH_INST_RETIRED.VECTOR
176 [127023418697408] INFO perfrun.perfcollector <> - group_id: 2: pebs_enable: addr: 3f1, value: f000000ff
176 [127023418697408] INFO perfrun.perfcollector <> - event_id: 48: cccr: addr: 186, value: 4004381d0
176 [127023418697408] INFO perfrun.perfcollector <> - event_id: 11: cccr: addr: 187, value: 4004310c7
176 [127023418697408] INFO perfrun.perfcollector <> - event_id: 12: cccr: addr: 188, value: 4004320c7
176 [127023418697408] INFO perfrun.perfcollector <> - event_id: 13: cccr: addr: 189, value: 4004318c7
176 [127023418697408] INFO perfrun.perfcollector <> - event_id: 14: cccr: addr: 18a, value: 4004303c7
176 [127023418697408] INFO perfrun.perfcollector <> - event_id: 15: cccr: addr: 18b, value: 4004301c7
176 [127023418697408] INFO perfrun.perfcollector <> - event_id: 16: cccr: addr: 18c, value: 4004302c7
176 [127023418697408] INFO perfrun.perfcollector <> - event_id: 17: cccr: addr: 18d, value: 40043fcc7
176 [127023418697408] INFO perfrun.perfcollector <> - event_id: 2: data: addr: 309, value: ffffffffffd9da60
176 [127023418697408] INFO perfrun.perfcollector <> - event_id: 0: data: addr: 30a, value: ffffffffffd9da60
176 [127023418697408] INFO perfrun.perfcollector <> - event_id: 1: data: addr: 30b, value: ffffffffffd9da60
176 [127023418697408] INFO perfrun.perfcollector <> - event_id: 30: data: addr: 30c, value: ffffffffff67697d
176 [127023418697408] INFO perfrun.perfcollector <> - event_id: 48: data: addr: c1, value: fffffffffffe795d
176 [127023418697408] INFO perfrun.perfcollector <> - event_id: 11: data: addr: c2, value: ffffffffffe17b7d
176 [127023418697408] INFO perfrun.perfcollector <> - event_id: 12: data: addr: c3, value: ffffffffffe17b7d
176 [127023418697408] INFO perfrun.perfcollector <> - event_id: 13: data: addr: c4, value: fffffffffffe795d
176 [127023418697408] INFO perfrun.perfcollector <> - event_id: 14: data: addr: c5, value: fffffffffff0bdbd
176 [127023418697408] INFO perfrun.perfcollector <> - event_id: 15: data: addr: c6, value: ffffffffffe17b7d
176 [127023418697408] INFO perfrun.perfcollector <> - event_id: 16: data: addr: c7, value: ffffffffffe17b7d
176 [127023418697408] INFO perfrun.perfcollector <> - event_id: 17: data: addr: c8, value: fffffffffff0bdbd
176 [127023418697408] INFO perfrun.perfcollector <> - group_id: 3
176 [127023418697408] INFO perfrun.perfcollector <> - event_id: 2: INST_RETIRED.ANY
176 [127023418697408] INFO perfrun.perfcollector <> - event_id: 0: CPU_CLK_UNHALTED.THREAD
176 [127023418697408] INFO perfrun.perfcollector <> - event_id: 1: CPU_CLK_UNHALTED.REF_TSC
176 [127023418697408] INFO perfrun.perfcollector <> - event_id: 30: TOPDOWN.SLOTS
176 [127023418697408] INFO perfrun.perfcollector <> - event_id: 18: FRONTEND_RETIRED.LATENCY_GE_4
176 [127023418697408] INFO perfrun.perfcollector <> - event_id: 19: IDQ_BUBBLES.CORE
176 [127023418697408] INFO perfrun.perfcollector <> - event_id: 20: INT_MISC.UOP_DROPPING
176 [127023418697408] INFO perfrun.perfcollector <> - event_id: 28: TOPDOWN.BACKEND_BOUND_SLOTS
176 [127023418697408] INFO perfrun.perfcollector <> - event_id: 29: TOPDOWN.MEMORY_BOUND_SLOTS
176 [127023418697408] INFO perfrun.perfcollector <> - event_id: 31: UOPS_RETIRED.SLOTS
176 [127023418697408] INFO perfrun.perfcollector <> - event_id: 46: TOPDOWN.SLOTS_P
176 [127023418697408] INFO perfrun.perfcollector <> - event_id: 49: UOPS_EXECUTED.X87
176 [127023418697408] INFO perfrun.perfcollector <> - group_id: 3: pebs_enable: addr: 3f1, value: f000000ff
176 [127023418697408] INFO perfrun.perfcollector <> - event_id: 18: cccr: addr: 186, value: 4004301c6
176 [127023418697408] INFO perfrun.perfcollector <> - event_id: 19: cccr: addr: 187, value: 40043019c
176 [127023418697408] INFO perfrun.perfcollector <> - event_id: 20: cccr: addr: 188, value: 4004310ad
176 [127023418697408] INFO perfrun.perfcollector <> - event_id: 28: cccr: addr: 189, value: 4004302a4
176 [127023418697408] INFO perfrun.perfcollector <> - event_id: 29: cccr: addr: 18a, value: 4004310a4
176 [127023418697408] INFO perfrun.perfcollector <> - event_id: 31: cccr: addr: 18b, value: 4004302c2
176 [127023418697408] INFO perfrun.perfcollector <> - event_id: 46: cccr: addr: 18c, value: 4004301a4
176 [127023418697408] INFO perfrun.perfcollector <> - event_id: 49: cccr: addr: 18d, value: 4004310b1
176 [127023418697408] INFO perfrun.perfcollector <> - event_id: 18: frontend: addr: 3f7, value: 600406
176 [127023418697408] INFO perfrun.perfcollector <> - event_id: 2: data: addr: 309, value: ffffffffffd9da60
176 [127023418697408] INFO perfrun.perfcollector <> - event_id: 0: data: addr: 30a, value: ffffffffffd9da60
176 [127023418697408] INFO perfrun.perfcollector <> - event_id: 1: data: addr: 30b, value: ffffffffffd9da60
176 [127023418697408] INFO perfrun.perfcollector <> - event_id: 30: data: addr: 30c, value: ffffffffff67697d
176 [127023418697408] INFO perfrun.perfcollector <> - event_id: 18: data: addr: c1, value: fffffffffffe7959
176 [127023418697408] INFO perfrun.perfcollector <> - event_id: 19: data: addr: c2, value: fffffffffff0bdbd
176 [127023418697408] INFO perfrun.perfcollector <> - event_id: 20: data: addr: c3, value: fffffffffff0bdbd
176 [127023418697408] INFO perfrun.perfcollector <> - event_id: 28: data: addr: c4, value: ffffffffff67697d
176 [127023418697408] INFO perfrun.perfcollector <> - event_id: 29: data: addr: c5, value: ffffffffff67697d
176 [127023418697408] INFO perfrun.perfcollector <> - event_id: 31: data: addr: c6, value: ffffffffffe17b7d
176 [127023418697408] INFO perfrun.perfcollector <> - event_id: 46: data: addr: c7, value: ffffffffff67697d
176 [127023418697408] INFO perfrun.perfcollector <> - event_id: 49: data: addr: c8, value: ffffffffffe17b7d
176 [127023418697408] INFO perfrun.perfcollector <> - group_id: 4
176 [127023418697408] INFO perfrun.perfcollector <> - event_id: 2: INST_RETIRED.ANY
176 [127023418697408] INFO perfrun.perfcollector <> - event_id: 0: CPU_CLK_UNHALTED.THREAD
176 [127023418697408] INFO perfrun.perfcollector <> - event_id: 1: CPU_CLK_UNHALTED.REF_TSC
176 [127023418697408] INFO perfrun.perfcollector <> - event_id: 30: TOPDOWN.SLOTS
176 [127023418697408] INFO perfrun.perfcollector <> - event_id: 50: UOPS_EXECUTED.THREAD
176 [127023418697408] INFO perfrun.perfcollector <> - group_id: 4: pebs_enable: addr: 3f1, value: f00000001
176 [127023418697408] INFO perfrun.perfcollector <> - event_id: 50: cccr: addr: 186, value: 4004301b1
176 [127023418697408] INFO perfrun.perfcollector <> - event_id: 2: data: addr: 309, value: ffffffffffd9da60
176 [127023418697408] INFO perfrun.perfcollector <> - event_id: 0: data: addr: 30a, value: ffffffffffd9da60
176 [127023418697408] INFO perfrun.perfcollector <> - event_id: 1: data: addr: 30b, value: ffffffffffd9da60
176 [127023418697408] INFO perfrun.perfcollector <> - event_id: 30: data: addr: 30c, value: ffffffffff67697d
176 [127023418697408] INFO perfrun.perfcollector <> - event_id: 50: data: addr: c1, value: ffffffffffe17b7d
176 [127023418697408] INFO perfrun.perfcollector <> - pmu: cpu_atom
176 [127023418697408] INFO perfrun.perfcollector <> - group_id: 0
176 [127023418697408] INFO perfrun.perfcollector <> - event_id: 2: INST_RETIRED.ANY
176 [127023418697408] INFO perfrun.perfcollector <> - event_id: 0: CPU_CLK_UNHALTED.THREAD
176 [127023418697408] INFO perfrun.perfcollector <> - event_id: 1: CPU_CLK_UNHALTED.REF_TSC
176 [127023418697408] INFO perfrun.perfcollector <> - event_id: 4: CPU_CLK_UNHALTED.THREAD_P
176 [127023418697408] INFO perfrun.perfcollector <> - event_id: 32: LD_HEAD.L1_BOUND_AT_RET
176 [127023418697408] INFO perfrun.perfcollector <> - event_id: 33: LD_HEAD.WCB_FULL
176 [127023418697408] INFO perfrun.perfcollector <> - event_id: 34: MEM_BOUND_STALLS.LOAD
176 [127023418697408] INFO perfrun.perfcollector <> - event_id: 35: MEM_BOUND_STALLS.LOAD_DRAM_HIT
176 [127023418697408] INFO perfrun.perfcollector <> - event_id: 36: MEM_BOUND_STALLS.LOAD_L2_HIT
176 [127023418697408] INFO perfrun.perfcollector <> - group_id: 0: pebs_enable: addr: 3f1, value: 70000003f
176 [127023418697408] INFO perfrun.perfcollector <> - event_id: 4: cccr: addr: 186, value: 43003c
176 [127023418697408] INFO perfrun.perfcollector <> - event_id: 32: cccr: addr: 187, value: 43f405
176 [127023418697408] INFO perfrun.perfcollector <> - event_id: 33: cccr: addr: 188, value: 430205
176 [127023418697408] INFO perfrun.perfcollector <> - event_id: 34: cccr: addr: 189, value: 430734
176 [127023418697408] INFO perfrun.perfcollector <> - event_id: 35: cccr: addr: 18a, value: 430434
176 [127023418697408] INFO perfrun.perfcollector <> - event_id: 36: cccr: addr: 18b, value: 430134
176 [127023418697408] INFO perfrun.perfcollector <> - event_id: 2: data: addr: 309, value: ffffffffffd9da60
176 [127023418697408] INFO perfrun.perfcollector <> - event_id: 0: data: addr: 30a, value: ffffffffffd9da60
176 [127023418697408] INFO perfrun.perfcollector <> - event_id: 1: data: addr: 30b, value: ffffffffffd9da60
176 [127023418697408] INFO perfrun.perfcollector <> - event_id: 4: data: addr: c1, value: ffffffffffe17b7d
176 [127023418697408] INFO perfrun.perfcollector <> - event_id: 32: data: addr: c2, value: fffffffffff0bdbd
176 [127023418697408] INFO perfrun.perfcollector <> - event_id: 33: data: addr: c3, value: fffffffffff0bdbd
176 [127023418697408] INFO perfrun.perfcollector <> - event_id: 34: data: addr: c4, value: fffffffffffcf2bd
176 [127023418697408] INFO perfrun.perfcollector <> - event_id: 35: data: addr: c5, value: fffffffffffcf2bd
176 [127023418697408] INFO perfrun.perfcollector <> - event_id: 36: data: addr: c6, value: fffffffffffcf2bd
176 [127023418697408] INFO perfrun.perfcollector <> - group_id: 1
176 [127023418697408] INFO perfrun.perfcollector <> - event_id: 2: INST_RETIRED.ANY
176 [127023418697408] INFO perfrun.perfcollector <> - event_id: 0: CPU_CLK_UNHALTED.THREAD
176 [127023418697408] INFO perfrun.perfcollector <> - event_id: 1: CPU_CLK_UNHALTED.REF_TSC
176 [127023418697408] INFO perfrun.perfcollector <> - event_id: 37: MEM_BOUND_STALLS.LOAD_LLC_HIT
176 [127023418697408] INFO perfrun.perfcollector <> - event_id: 38: MEM_SCHEDULER_BLOCK.ALL
176 [127023418697408] INFO perfrun.perfcollector <> - event_id: 39: MEM_SCHEDULER_BLOCK.ST_BUF
176 [127023418697408] INFO perfrun.perfcollector <> - event_id: 40: TOPDOWN_BE_BOUND.ALL
176 [127023418697408] INFO perfrun.perfcollector <> - event_id: 41: TOPDOWN_BE_BOUND.ALLOC_RESTRICTIONS
176 [127023418697408] INFO perfrun.perfcollector <> - event_id: 42: TOPDOWN_BE_BOUND.MEM_SCHEDULER
176 [127023418697408] INFO perfrun.perfcollector <> - group_id: 1: pebs_enable: addr: 3f1, value: 70000003f
176 [127023418697408] INFO perfrun.perfcollector <> - event_id: 37: cccr: addr: 186, value: 430234
176 [127023418697408] INFO perfrun.perfcollector <> - event_id: 38: cccr: addr: 187, value: 430704
176 [127023418697408] INFO perfrun.perfcollector <> - event_id: 39: cccr: addr: 188, value: 430104
176 [127023418697408] INFO perfrun.perfcollector <> - event_id: 40: cccr: addr: 189, value: 430074
176 [127023418697408] INFO perfrun.perfcollector <> - event_id: 41: cccr: addr: 18a, value: 430174
176 [127023418697408] INFO perfrun.perfcollector <> - event_id: 42: cccr: addr: 18b, value: 430274
176 [127023418697408] INFO perfrun.perfcollector <> - event_id: 2: data: addr: 309, value: ffffffffffd9da60
176 [127023418697408] INFO perfrun.perfcollector <> - event_id: 0: data: addr: 30a, value: ffffffffffd9da60
176 [127023418697408] INFO perfrun.perfcollector <> - event_id: 1: data: addr: 30b, value: ffffffffffd9da60
176 [127023418697408] INFO perfrun.perfcollector <> - event_id: 37: data: addr: c1, value: fffffffffffcf2bd
176 [127023418697408] INFO perfrun.perfcollector <> - event_id: 38: data: addr: c2, value: ffffffffffffb1dd
176 [127023418697408] INFO perfrun.perfcollector <> - event_id: 39: data: addr: c3, value: ffffffffffffb1dd
176 [127023418697408] INFO perfrun.perfcollector <> - event_id: 40: data: addr: c4, value: fffffffffff0bdbd
176 [127023418697408] INFO perfrun.perfcollector <> - event_id: 41: data: addr: c5, value: fffffffffff0bdbd
176 [127023418697408] INFO perfrun.perfcollector <> - event_id: 42: data: addr: c6, value: fffffffffff0bdbd
176 [127023418697408] INFO perfrun.perfcollector <> - group_id: 2
176 [127023418697408] INFO perfrun.perfcollector <> - event_id: 2: INST_RETIRED.ANY
176 [127023418697408] INFO perfrun.perfcollector <> - event_id: 0: CPU_CLK_UNHALTED.THREAD
176 [127023418697408] INFO perfrun.perfcollector <> - event_id: 1: CPU_CLK_UNHALTED.REF_TSC
176 [127023418697408] INFO perfrun.perfcollector <> - event_id: 43: TOPDOWN_BE_BOUND.SERIALIZATION
176 [127023418697408] INFO perfrun.perfcollector <> - event_id: 44: TOPDOWN_FE_BOUND.ALL
176 [127023418697408] INFO perfrun.perfcollector <> - event_id: 45: TOPDOWN_RETIRING.ALL
176 [127023418697408] INFO perfrun.perfcollector <> - group_id: 2: pebs_enable: addr: 3f1, value: 700000007
176 [127023418697408] INFO perfrun.perfcollector <> - event_id: 43: cccr: addr: 186, value: 431074
176 [127023418697408] INFO perfrun.perfcollector <> - event_id: 44: cccr: addr: 187, value: 430071
176 [127023418697408] INFO perfrun.perfcollector <> - event_id: 45: cccr: addr: 188, value: 4300c2
176 [127023418697408] INFO perfrun.perfcollector <> - event_id: 2: data: addr: 309, value: ffffffffffd9da60
177 [127023418697408] INFO perfrun.perfcollector <> - event_id: 0: data: addr: 30a, value: ffffffffffd9da60
177 [127023418697408] INFO perfrun.perfcollector <> - event_id: 1: data: addr: 30b, value: ffffffffffd9da60
177 [127023418697408] INFO perfrun.perfcollector <> - event_id: 43: data: addr: c1, value: fffffffffff0bdbd
177 [127023418697408] INFO perfrun.perfcollector <> - event_id: 44: data: addr: c2, value: fffffffffff0bdbd
177 [127023418697408] INFO perfrun.perfcollector <> - event_id: 45: data: addr: c3, value: fffffffffff0bdbd
177 [127023418697408] INFO perfrun.perfcollector <> - pmu: uncore_imc
177 [127023418697408] INFO perfrun.perfcollector <> - unit_count: 2
177 [127023418697408] INFO perfrun.perfcollector <> - group_id: 0
177 [127023418697408] INFO perfrun.perfcollector <> - event_id: 51: UNC_M_CAS_COUNT_RD
177 [127023418697408] INFO perfrun.perfcollector <> - event_id: 52: UNC_M_CAS_COUNT_WR
177 [127023418697408] INFO perfrun.perfcollector <> - event_id: 51: cccr: addr: 1d0, value: 20022
177 [127023418697408] INFO perfrun.perfcollector <> - event_id: 52: cccr: addr: 1d4, value: 20023
177 [127023418697408] INFO perfrun.perfcollector <> - event_id: 51: cccr: addr: 101d0, value: 20022
177 [127023418697408] INFO perfrun.perfcollector <> - event_id: 52: cccr: addr: 101d4, value: 20023
177 [127023418697408] INFO perfrun.perfcollector <> - event_id: 51: data: addr: d9e8, value: 0
177 [127023418697408] INFO perfrun.perfcollector <> - event_id: 52: data: addr: d9f0, value: 0
177 [127023418697408] INFO perfrun.perfcollector <> - event_id: 51: data: addr: 1d9e8, value: 0
177 [127023418697408] INFO perfrun.perfcollector <> - event_id: 52: data: addr: 1d9f0, value: 0
177 [127023418697408] INFO perfrun.perfcollector <> - Converting events to Perf format
177 [127023418697408] INFO perfrun.perfcollector <> - event: 2: INST_RETIRED.ANY
177 [127023418697408] INFO perfrun.perfcollector <> - cccr: addr: ffffffff, value: 0
177 [127023418697408] INFO perfrun.perfcollector <> - data: addr: 309, value: ffffffffffd9da60
177 [127023418697408] INFO perfrun.perfcollector <> - pebs_enable: 700000007
177 [127023418697408] INFO perfrun.perfcollector <> - pmu config: cpu_atom
177 [127023418697408] INFO perfrun.perfcollector <> - config: cmask: 0
177 [127023418697408] INFO perfrun.perfcollector <> - config: edge: 0
177 [127023418697408] INFO perfrun.perfcollector <> - config: event: c0
177 [127023418697408] INFO perfrun.perfcollector <> - config: inv: 0
177 [127023418697408] INFO perfrun.perfcollector <> - config1: ldlat: 0
177 [127023418697408] INFO perfrun.perfcollector <> - config1: offcore_rsp: 0
177 [127023418697408] INFO perfrun.perfcollector <> - config: pc: 0
177 [127023418697408] INFO perfrun.perfcollector <> - config: umask: 0
177 [127023418697408] INFO perfrun.perfcollector <> - format: cpu_atom/period=2500000,event=0xc0,name='INST_RETIRED.ANY[ATOM]'/D
177 [127023418697408] INFO perfrun.perfcollector <> - precise event: extended pebs bit is enabled
177 [127023418697408] INFO perfrun.perfcollector <> - event: 0: CPU_CLK_UNHALTED.THREAD
177 [127023418697408] INFO perfrun.perfcollector <> - cccr: addr: ffffffff, value: 0
177 [127023418697408] INFO perfrun.perfcollector <> - data: addr: 30a, value: ffffffffffd9da60
177 [127023418697408] INFO perfrun.perfcollector <> - pebs_enable: 700000007
177 [127023418697408] INFO perfrun.perfcollector <> - pmu config: cpu_atom
177 [127023418697408] INFO perfrun.perfcollector <> - config: cmask: 0
177 [127023418697408] INFO perfrun.perfcollector <> - config: edge: 0
177 [127023418697408] INFO perfrun.perfcollector <> - config: event: 3c
177 [127023418697408] INFO perfrun.perfcollector <> - config: inv: 0
177 [127023418697408] INFO perfrun.perfcollector <> - config1: ldlat: 0
177 [127023418697408] INFO perfrun.perfcollector <> - config1: offcore_rsp: 0
177 [127023418697408] INFO perfrun.perfcollector <> - config: pc: 0
177 [127023418697408] INFO perfrun.perfcollector <> - config: umask: 0
177 [127023418697408] INFO perfrun.perfcollector <> - format: cpu_atom/period=2500000,event=0x3c,name='CPU_CLK_UNHALTED.THREAD[ATOM]'/D
177 [127023418697408] INFO perfrun.perfcollector <> - precise event: extended pebs bit is enabled
177 [127023418697408] INFO perfrun.perfcollector <> - event: 1: CPU_CLK_UNHALTED.REF_TSC
177 [127023418697408] INFO perfrun.perfcollector <> - cccr: addr: ffffffff, value: 0
177 [127023418697408] INFO perfrun.perfcollector <> - data: addr: 30b, value: ffffffffffd9da60
177 [127023418697408] INFO perfrun.perfcollector <> - pebs_enable: 700000007
177 [127023418697408] INFO perfrun.perfcollector <> - pmu config: cpu_atom
177 [127023418697408] INFO perfrun.perfcollector <> - config: cmask: 0
177 [127023418697408] INFO perfrun.perfcollector <> - config: edge: 0
177 [127023418697408] INFO perfrun.perfcollector <> - config: event: 0
177 [127023418697408] INFO perfrun.perfcollector <> - config: inv: 0
177 [127023418697408] INFO perfrun.perfcollector <> - config1: ldlat: 0
177 [127023418697408] INFO perfrun.perfcollector <> - config1: offcore_rsp: 0
177 [127023418697408] INFO perfrun.perfcollector <> - config: pc: 0
177 [127023418697408] INFO perfrun.perfcollector <> - config: umask: 3
177 [127023418697408] INFO perfrun.perfcollector <> - format: cpu_atom/period=2500000,umask=0x3,name='CPU_CLK_UNHALTED.REF_TSC[ATOM]'/D
177 [127023418697408] INFO perfrun.perfcollector <> - precise event: extended pebs bit is enabled
177 [127023418697408] INFO perfrun.perfcollector <> - event: 4: CPU_CLK_UNHALTED.THREAD_P
177 [127023418697408] INFO perfrun.perfcollector <> - cccr: addr: 186, value: 43003c
177 [127023418697408] INFO perfrun.perfcollector <> - data: addr: c1, value: ffffffffffe17b7d
177 [127023418697408] INFO perfrun.perfcollector <> - pebs_enable: 70000003f
177 [127023418697408] INFO perfrun.perfcollector <> - pmu config: cpu_atom
177 [127023418697408] INFO perfrun.perfcollector <> - config: cmask: 0
177 [127023418697408] INFO perfrun.perfcollector <> - config: edge: 0
177 [127023418697408] INFO perfrun.perfcollector <> - config: event: 3c
177 [127023418697408] INFO perfrun.perfcollector <> - config: inv: 0
177 [127023418697408] INFO perfrun.perfcollector <> - config1: ldlat: 0
177 [127023418697408] INFO perfrun.perfcollector <> - config1: offcore_rsp: 0
177 [127023418697408] INFO perfrun.perfcollector <> - config: pc: 0
177 [127023418697408] INFO perfrun.perfcollector <> - config: umask: 0
177 [127023418697408] INFO perfrun.perfcollector <> - format: cpu_atom/period=2000003,event=0x3c,name='CPU_CLK_UNHALTED.THREAD_P[ATOM]'/
177 [127023418697408] INFO perfrun.perfcollector <> - precise event: event selector has no imprecise bit
177 [127023418697408] INFO perfrun.perfcollector <> - event: 32: LD_HEAD.L1_BOUND_AT_RET
177 [127023418697408] INFO perfrun.perfcollector <> - cccr: addr: 187, value: 43f405
177 [127023418697408] INFO perfrun.perfcollector <> - data: addr: c2, value: fffffffffff0bdbd
177 [127023418697408] INFO perfrun.perfcollector <> - pebs_enable: 70000003f
177 [127023418697408] INFO perfrun.perfcollector <> - pmu config: cpu_atom
177 [127023418697408] INFO perfrun.perfcollector <> - config: cmask: 0
177 [127023418697408] INFO perfrun.perfcollector <> - config: edge: 0
177 [127023418697408] INFO perfrun.perfcollector <> - config: event: 5
177 [127023418697408] INFO perfrun.perfcollector <> - config: inv: 0
177 [127023418697408] INFO perfrun.perfcollector <> - config1: ldlat: 0
177 [127023418697408] INFO perfrun.perfcollector <> - config1: offcore_rsp: 0
177 [127023418697408] INFO perfrun.perfcollector <> - config: pc: 0
177 [127023418697408] INFO perfrun.perfcollector <> - config: umask: f4
177 [127023418697408] INFO perfrun.perfcollector <> - format: cpu_atom/period=1000003,event=0x5,umask=0xf4,name='LD_HEAD.L1_BOUND_AT_RET[ATOM]'/
177 [127023418697408] INFO perfrun.perfcollector <> - precise event: event selector has no imprecise bit
177 [127023418697408] INFO perfrun.perfcollector <> - event: 33: LD_HEAD.WCB_FULL
177 [127023418697408] INFO perfrun.perfcollector <> - cccr: addr: 188, value: 430205
177 [127023418697408] INFO perfrun.perfcollector <> - data: addr: c3, value: fffffffffff0bdbd
177 [127023418697408] INFO perfrun.perfcollector <> - pebs_enable: 70000003f
177 [127023418697408] INFO perfrun.perfcollector <> - pmu config: cpu_atom
177 [127023418697408] INFO perfrun.perfcollector <> - config: cmask: 0
177 [127023418697408] INFO perfrun.perfcollector <> - config: edge: 0
177 [127023418697408] INFO perfrun.perfcollector <> - config: event: 5
177 [127023418697408] INFO perfrun.perfcollector <> - config: inv: 0
177 [127023418697408] INFO perfrun.perfcollector <> - config1: ldlat: 0
177 [127023418697408] INFO perfrun.perfcollector <> - config1: offcore_rsp: 0
177 [127023418697408] INFO perfrun.perfcollector <> - config: pc: 0
177 [127023418697408] INFO perfrun.perfcollector <> - config: umask: 2
177 [127023418697408] INFO perfrun.perfcollector <> - format: cpu_atom/period=1000003,event=0x5,umask=0x2,name='LD_HEAD.WCB_FULL[ATOM]'/
177 [127023418697408] INFO perfrun.perfcollector <> - precise event: event selector has no imprecise bit
177 [127023418697408] INFO perfrun.perfcollector <> - event: 34: MEM_BOUND_STALLS.LOAD
177 [127023418697408] INFO perfrun.perfcollector <> - cccr: addr: 189, value: 430734
177 [127023418697408] INFO perfrun.perfcollector <> - data: addr: c4, value: fffffffffffcf2bd
177 [127023418697408] INFO perfrun.perfcollector <> - pebs_enable: 70000003f
177 [127023418697408] INFO perfrun.perfcollector <> - pmu config: cpu_atom
177 [127023418697408] INFO perfrun.perfcollector <> - config: cmask: 0
177 [127023418697408] INFO perfrun.perfcollector <> - config: edge: 0
177 [127023418697408] INFO perfrun.perfcollector <> - config: event: 34
177 [127023418697408] INFO perfrun.perfcollector <> - config: inv: 0
177 [127023418697408] INFO perfrun.perfcollector <> - config1: ldlat: 0
177 [127023418697408] INFO perfrun.perfcollector <> - config1: offcore_rsp: 0
177 [127023418697408] INFO perfrun.perfcollector <> - config: pc: 0
177 [127023418697408] INFO perfrun.perfcollector <> - config: umask: 7
177 [127023418697408] INFO perfrun.perfcollector <> - format: cpu_atom/period=200003,event=0x34,umask=0x7,name='MEM_BOUND_STALLS.LOAD[ATOM]'/
177 [127023418697408] INFO perfrun.perfcollector <> - precise event: event selector has no imprecise bit
177 [127023418697408] INFO perfrun.perfcollector <> - event: 35: MEM_BOUND_STALLS.LOAD_DRAM_HIT
177 [127023418697408] INFO perfrun.perfcollector <> - cccr: addr: 18a, value: 430434
177 [127023418697408] INFO perfrun.perfcollector <> - data: addr: c5, value: fffffffffffcf2bd
177 [127023418697408] INFO perfrun.perfcollector <> - pebs_enable: 70000003f
177 [127023418697408] INFO perfrun.perfcollector <> - pmu config: cpu_atom
177 [127023418697408] INFO perfrun.perfcollector <> - config: cmask: 0
177 [127023418697408] INFO perfrun.perfcollector <> - config: edge: 0
177 [127023418697408] INFO perfrun.perfcollector <> - config: event: 34
177 [127023418697408] INFO perfrun.perfcollector <> - config: inv: 0
177 [127023418697408] INFO perfrun.perfcollector <> - config1: ldlat: 0
177 [127023418697408] INFO perfrun.perfcollector <> - config1: offcore_rsp: 0
177 [127023418697408] INFO perfrun.perfcollector <> - config: pc: 0
177 [127023418697408] INFO perfrun.perfcollector <> - config: umask: 4
177 [127023418697408] INFO perfrun.perfcollector <> - format: cpu_atom/period=200003,event=0x34,umask=0x4,name='MEM_BOUND_STALLS.LOAD_DRAM_HIT[ATOM]'/
177 [127023418697408] INFO perfrun.perfcollector <> - precise event: event selector has no imprecise bit
177 [127023418697408] INFO perfrun.perfcollector <> - event: 36: MEM_BOUND_STALLS.LOAD_L2_HIT
177 [127023418697408] INFO perfrun.perfcollector <> - cccr: addr: 18b, value: 430134
177 [127023418697408] INFO perfrun.perfcollector <> - data: addr: c6, value: fffffffffffcf2bd
177 [127023418697408] INFO perfrun.perfcollector <> - pebs_enable: 70000003f
177 [127023418697408] INFO perfrun.perfcollector <> - pmu config: cpu_atom
177 [127023418697408] INFO perfrun.perfcollector <> - config: cmask: 0
177 [127023418697408] INFO perfrun.perfcollector <> - config: edge: 0
177 [127023418697408] INFO perfrun.perfcollector <> - config: event: 34
177 [127023418697408] INFO perfrun.perfcollector <> - config: inv: 0
177 [127023418697408] INFO perfrun.perfcollector <> - config1: ldlat: 0
177 [127023418697408] INFO perfrun.perfcollector <> - config1: offcore_rsp: 0
177 [127023418697408] INFO perfrun.perfcollector <> - config: pc: 0
177 [127023418697408] INFO perfrun.perfcollector <> - config: umask: 1
177 [127023418697408] INFO perfrun.perfcollector <> - format: cpu_atom/period=200003,event=0x34,umask=0x1,name='MEM_BOUND_STALLS.LOAD_L2_HIT[ATOM]'/
177 [127023418697408] INFO perfrun.perfcollector <> - precise event: event selector has no imprecise bit
177 [127023418697408] INFO perfrun.perfcollector <> - event: 37: MEM_BOUND_STALLS.LOAD_LLC_HIT
177 [127023418697408] INFO perfrun.perfcollector <> - cccr: addr: 186, value: 430234
177 [127023418697408] INFO perfrun.perfcollector <> - data: addr: c1, value: fffffffffffcf2bd
177 [127023418697408] INFO perfrun.perfcollector <> - pebs_enable: 70000003f
177 [127023418697408] INFO perfrun.perfcollector <> - pmu config: cpu_atom
177 [127023418697408] INFO perfrun.perfcollector <> - config: cmask: 0
177 [127023418697408] INFO perfrun.perfcollector <> - config: edge: 0
177 [127023418697408] INFO perfrun.perfcollector <> - config: event: 34
177 [127023418697408] INFO perfrun.perfcollector <> - config: inv: 0
177 [127023418697408] INFO perfrun.perfcollector <> - config1: ldlat: 0
177 [127023418697408] INFO perfrun.perfcollector <> - config1: offcore_rsp: 0
177 [127023418697408] INFO perfrun.perfcollector <> - config: pc: 0
177 [127023418697408] INFO perfrun.perfcollector <> - config: umask: 2
177 [127023418697408] INFO perfrun.perfcollector <> - format: cpu_atom/period=200003,event=0x34,umask=0x2,name='MEM_BOUND_STALLS.LOAD_LLC_HIT[ATOM]'/
177 [127023418697408] INFO perfrun.perfcollector <> - precise event: event selector has no imprecise bit
177 [127023418697408] INFO perfrun.perfcollector <> - event: 38: MEM_SCHEDULER_BLOCK.ALL
177 [127023418697408] INFO perfrun.perfcollector <> - cccr: addr: 187, value: 430704
177 [127023418697408] INFO perfrun.perfcollector <> - data: addr: c2, value: ffffffffffffb1dd
177 [127023418697408] INFO perfrun.perfcollector <> - pebs_enable: 70000003f
177 [127023418697408] INFO perfrun.perfcollector <> - pmu config: cpu_atom
177 [127023418697408] INFO perfrun.perfcollector <> - config: cmask: 0
177 [127023418697408] INFO perfrun.perfcollector <> - config: edge: 0
177 [127023418697408] INFO perfrun.perfcollector <> - config: event: 4
177 [127023418697408] INFO perfrun.perfcollector <> - config: inv: 0
177 [127023418697408] INFO perfrun.perfcollector <> - config1: ldlat: 0
177 [127023418697408] INFO perfrun.perfcollector <> - config1: offcore_rsp: 0
177 [127023418697408] INFO perfrun.perfcollector <> - config: pc: 0
177 [127023418697408] INFO perfrun.perfcollector <> - config: umask: 7
177 [127023418697408] INFO perfrun.perfcollector <> - format: cpu_atom/period=20003,event=0x4,umask=0x7,name='MEM_SCHEDULER_BLOCK.ALL[ATOM]'/
177 [127023418697408] INFO perfrun.perfcollector <> - precise event: event selector has no imprecise bit
177 [127023418697408] INFO perfrun.perfcollector <> - event: 39: MEM_SCHEDULER_BLOCK.ST_BUF
177 [127023418697408] INFO perfrun.perfcollector <> - cccr: addr: 188, value: 430104
177 [127023418697408] INFO perfrun.perfcollector <> - data: addr: c3, value: ffffffffffffb1dd
177 [127023418697408] INFO perfrun.perfcollector <> - pebs_enable: 70000003f
177 [127023418697408] INFO perfrun.perfcollector <> - pmu config: cpu_atom
177 [127023418697408] INFO perfrun.perfcollector <> - config: cmask: 0
177 [127023418697408] INFO perfrun.perfcollector <> - config: edge: 0
177 [127023418697408] INFO perfrun.perfcollector <> - config: event: 4
177 [127023418697408] INFO perfrun.perfcollector <> - config: inv: 0
177 [127023418697408] INFO perfrun.perfcollector <> - config1: ldlat: 0
177 [127023418697408] INFO perfrun.perfcollector <> - config1: offcore_rsp: 0
177 [127023418697408] INFO perfrun.perfcollector <> - config: pc: 0
177 [127023418697408] INFO perfrun.perfcollector <> - config: umask: 1
177 [127023418697408] INFO perfrun.perfcollector <> - format: cpu_atom/period=20003,event=0x4,umask=0x1,name='MEM_SCHEDULER_BLOCK.ST_BUF[ATOM]'/
177 [127023418697408] INFO perfrun.perfcollector <> - precise event: event selector has no imprecise bit
177 [127023418697408] INFO perfrun.perfcollector <> - event: 40: TOPDOWN_BE_BOUND.ALL
177 [127023418697408] INFO perfrun.perfcollector <> - cccr: addr: 189, value: 430074
177 [127023418697408] INFO perfrun.perfcollector <> - data: addr: c4, value: fffffffffff0bdbd
177 [127023418697408] INFO perfrun.perfcollector <> - pebs_enable: 70000003f
177 [127023418697408] INFO perfrun.perfcollector <> - pmu config: cpu_atom
177 [127023418697408] INFO perfrun.perfcollector <> - config: cmask: 0
177 [127023418697408] INFO perfrun.perfcollector <> - config: edge: 0
177 [127023418697408] INFO perfrun.perfcollector <> - config: event: 74
177 [127023418697408] INFO perfrun.perfcollector <> - config: inv: 0
177 [127023418697408] INFO perfrun.perfcollector <> - config1: ldlat: 0
177 [127023418697408] INFO perfrun.perfcollector <> - config1: offcore_rsp: 0
177 [127023418697408] INFO perfrun.perfcollector <> - config: pc: 0
177 [127023418697408] INFO perfrun.perfcollector <> - config: umask: 0
177 [127023418697408] INFO perfrun.perfcollector <> - format: cpu_atom/period=1000003,event=0x74,name='TOPDOWN_BE_BOUND.ALL[ATOM]'/
177 [127023418697408] INFO perfrun.perfcollector <> - precise event: event selector has no imprecise bit
177 [127023418697408] INFO perfrun.perfcollector <> - event: 41: TOPDOWN_BE_BOUND.ALLOC_RESTRICTIONS
177 [127023418697408] INFO perfrun.perfcollector <> - cccr: addr: 18a, value: 430174
177 [127023418697408] INFO perfrun.perfcollector <> - data: addr: c5, value: fffffffffff0bdbd
177 [127023418697408] INFO perfrun.perfcollector <> - pebs_enable: 70000003f
177 [127023418697408] INFO perfrun.perfcollector <> - pmu config: cpu_atom
177 [127023418697408] INFO perfrun.perfcollector <> - config: cmask: 0
177 [127023418697408] INFO perfrun.perfcollector <> - config: edge: 0
177 [127023418697408] INFO perfrun.perfcollector <> - config: event: 74
177 [127023418697408] INFO perfrun.perfcollector <> - config: inv: 0
177 [127023418697408] INFO perfrun.perfcollector <> - config1: ldlat: 0
177 [127023418697408] INFO perfrun.perfcollector <> - config1: offcore_rsp: 0
177 [127023418697408] INFO perfrun.perfcollector <> - config: pc: 0
177 [127023418697408] INFO perfrun.perfcollector <> - config: umask: 1
177 [127023418697408] INFO perfrun.perfcollector <> - format: cpu_atom/period=1000003,event=0x74,umask=0x1,name='TOPDOWN_BE_BOUND.ALLOC_RESTRICTIONS[ATOM]'/
177 [127023418697408] INFO perfrun.perfcollector <> - precise event: event selector has no imprecise bit
177 [127023418697408] INFO perfrun.perfcollector <> - event: 42: TOPDOWN_BE_BOUND.MEM_SCHEDULER
177 [127023418697408] INFO perfrun.perfcollector <> - cccr: addr: 18b, value: 430274
177 [127023418697408] INFO perfrun.perfcollector <> - data: addr: c6, value: fffffffffff0bdbd
177 [127023418697408] INFO perfrun.perfcollector <> - pebs_enable: 70000003f
177 [127023418697408] INFO perfrun.perfcollector <> - pmu config: cpu_atom
177 [127023418697408] INFO perfrun.perfcollector <> - config: cmask: 0
177 [127023418697408] INFO perfrun.perfcollector <> - config: edge: 0
177 [127023418697408] INFO perfrun.perfcollector <> - config: event: 74
177 [127023418697408] INFO perfrun.perfcollector <> - config: inv: 0
177 [127023418697408] INFO perfrun.perfcollector <> - config1: ldlat: 0
177 [127023418697408] INFO perfrun.perfcollector <> - config1: offcore_rsp: 0
177 [127023418697408] INFO perfrun.perfcollector <> - config: pc: 0
177 [127023418697408] INFO perfrun.perfcollector <> - config: umask: 2
177 [127023418697408] INFO perfrun.perfcollector <> - format: cpu_atom/period=1000003,event=0x74,umask=0x2,name='TOPDOWN_BE_BOUND.MEM_SCHEDULER[ATOM]'/
177 [127023418697408] INFO perfrun.perfcollector <> - precise event: event selector has no imprecise bit
177 [127023418697408] INFO perfrun.perfcollector <> - event: 43: TOPDOWN_BE_BOUND.SERIALIZATION
177 [127023418697408] INFO perfrun.perfcollector <> - cccr: addr: 186, value: 431074
177 [127023418697408] INFO perfrun.perfcollector <> - data: addr: c1, value: fffffffffff0bdbd
177 [127023418697408] INFO perfrun.perfcollector <> - pebs_enable: 700000007
177 [127023418697408] INFO perfrun.perfcollector <> - pmu config: cpu_atom
177 [127023418697408] INFO perfrun.perfcollector <> - config: cmask: 0
177 [127023418697408] INFO perfrun.perfcollector <> - config: edge: 0
177 [127023418697408] INFO perfrun.perfcollector <> - config: event: 74
177 [127023418697408] INFO perfrun.perfcollector <> - config: inv: 0
177 [127023418697408] INFO perfrun.perfcollector <> - config1: ldlat: 0
177 [127023418697408] INFO perfrun.perfcollector <> - config1: offcore_rsp: 0
177 [127023418697408] INFO perfrun.perfcollector <> - config: pc: 0
177 [127023418697408] INFO perfrun.perfcollector <> - config: umask: 10
177 [127023418697408] INFO perfrun.perfcollector <> - format: cpu_atom/period=1000003,event=0x74,umask=0x10,name='TOPDOWN_BE_BOUND.SERIALIZATION[ATOM]'/
177 [127023418697408] INFO perfrun.perfcollector <> - precise event: event selector has no imprecise bit
177 [127023418697408] INFO perfrun.perfcollector <> - event: 44: TOPDOWN_FE_BOUND.ALL
177 [127023418697408] INFO perfrun.perfcollector <> - cccr: addr: 187, value: 430071
177 [127023418697408] INFO perfrun.perfcollector <> - data: addr: c2, value: fffffffffff0bdbd
177 [127023418697408] INFO perfrun.perfcollector <> - pebs_enable: 700000007
177 [127023418697408] INFO perfrun.perfcollector <> - pmu config: cpu_atom
177 [127023418697408] INFO perfrun.perfcollector <> - config: cmask: 0
177 [127023418697408] INFO perfrun.perfcollector <> - config: edge: 0
177 [127023418697408] INFO perfrun.perfcollector <> - config: event: 71
177 [127023418697408] INFO perfrun.perfcollector <> - config: inv: 0
177 [127023418697408] INFO perfrun.perfcollector <> - config1: ldlat: 0
177 [127023418697408] INFO perfrun.perfcollector <> - config1: offcore_rsp: 0
177 [127023418697408] INFO perfrun.perfcollector <> - config: pc: 0
177 [127023418697408] INFO perfrun.perfcollector <> - config: umask: 0
177 [127023418697408] INFO perfrun.perfcollector <> - format: cpu_atom/period=1000003,event=0x71,name='TOPDOWN_FE_BOUND.ALL[ATOM]'/
177 [127023418697408] INFO perfrun.perfcollector <> - precise event: event selector has no imprecise bit
177 [127023418697408] INFO perfrun.perfcollector <> - event: 45: TOPDOWN_RETIRING.ALL
177 [127023418697408] INFO perfrun.perfcollector <> - cccr: addr: 188, value: 4300c2
177 [127023418697408] INFO perfrun.perfcollector <> - data: addr: c3, value: fffffffffff0bdbd
177 [127023418697408] INFO perfrun.perfcollector <> - pebs_enable: 700000007
177 [127023418697408] INFO perfrun.perfcollector <> - pmu config: cpu_atom
177 [127023418697408] INFO perfrun.perfcollector <> - config: cmask: 0
177 [127023418697408] INFO perfrun.perfcollector <> - config: edge: 0
177 [127023418697408] INFO perfrun.perfcollector <> - config: event: c2
177 [127023418697408] INFO perfrun.perfcollector <> - config: inv: 0
177 [127023418697408] INFO perfrun.perfcollector <> - config1: ldlat: 0
177 [127023418697408] INFO perfrun.perfcollector <> - config1: offcore_rsp: 0
177 [127023418697408] INFO perfrun.perfcollector <> - config: pc: 0
177 [127023418697408] INFO perfrun.perfcollector <> - config: umask: 0
177 [127023418697408] INFO perfrun.perfcollector <> - format: cpu_atom/period=1000003,event=0xc2,name='TOPDOWN_RETIRING.ALL[ATOM]'/
177 [127023418697408] INFO perfrun.perfcollector <> - precise event: event selector has no imprecise bit
177 [127023418697408] INFO perfrun.perfcollector <> - event: 2: INST_RETIRED.ANY
177 [127023418697408] INFO perfrun.perfcollector <> - cccr: addr: ffffffff, value: 0
177 [127023418697408] INFO perfrun.perfcollector <> - data: addr: 309, value: ffffffffffd9da60
177 [127023418697408] INFO perfrun.perfcollector <> - pebs_enable: f00000001
177 [127023418697408] INFO perfrun.perfcollector <> - pmu config: cpu_core
177 [127023418697408] INFO perfrun.perfcollector <> - config: cmask: 0
177 [127023418697408] INFO perfrun.perfcollector <> - config: edge: 0
177 [127023418697408] INFO perfrun.perfcollector <> - config: event: c0
177 [127023418697408] INFO perfrun.perfcollector <> - config1: frontend: 0
177 [127023418697408] INFO perfrun.perfcollector <> - config: inv: 0
177 [127023418697408] INFO perfrun.perfcollector <> - config1: ldlat: 0
177 [127023418697408] INFO perfrun.perfcollector <> - config1: offcore_rsp: 0
177 [127023418697408] INFO perfrun.perfcollector <> - config: pc: 0
177 [127023418697408] INFO perfrun.perfcollector <> - config: umask: 0
177 [127023418697408] INFO perfrun.perfcollector <> - format: cpu_core/period=2500000,event=0xc0,name='INST_RETIRED.ANY[CORE]'/D
177 [127023418697408] INFO perfrun.perfcollector <> - pdist event: pmu is cpu_core, event is fixed0
177 [127023418697408] INFO perfrun.perfcollector <> - event: 0: CPU_CLK_UNHALTED.THREAD
177 [127023418697408] INFO perfrun.perfcollector <> - cccr: addr: ffffffff, value: 0
177 [127023418697408] INFO perfrun.perfcollector <> - data: addr: 30a, value: ffffffffffd9da60
177 [127023418697408] INFO perfrun.perfcollector <> - pebs_enable: f00000001
177 [127023418697408] INFO perfrun.perfcollector <> - pmu config: cpu_core
177 [127023418697408] INFO perfrun.perfcollector <> - config: cmask: 0
177 [127023418697408] INFO perfrun.perfcollector <> - config: edge: 0
177 [127023418697408] INFO perfrun.perfcollector <> - config: event: 3c
177 [127023418697408] INFO perfrun.perfcollector <> - config1: frontend: 0
177 [127023418697408] INFO perfrun.perfcollector <> - config: inv: 0
177 [127023418697408] INFO perfrun.perfcollector <> - config1: ldlat: 0
177 [127023418697408] INFO perfrun.perfcollector <> - config1: offcore_rsp: 0
177 [127023418697408] INFO perfrun.perfcollector <> - config: pc: 0
177 [127023418697408] INFO perfrun.perfcollector <> - config: umask: 0
177 [127023418697408] INFO perfrun.perfcollector <> - format: cpu_core/period=2500000,event=0x3c,name='CPU_CLK_UNHALTED.THREAD[CORE]'/D
177 [127023418697408] INFO perfrun.perfcollector <> - precise event: extended pebs bit is enabled
177 [127023418697408] INFO perfrun.perfcollector <> - event: 1: CPU_CLK_UNHALTED.REF_TSC
177 [127023418697408] INFO perfrun.perfcollector <> - cccr: addr: ffffffff, value: 0
177 [127023418697408] INFO perfrun.perfcollector <> - data: addr: 30b, value: ffffffffffd9da60
177 [127023418697408] INFO perfrun.perfcollector <> - pebs_enable: f00000001
177 [127023418697408] INFO perfrun.perfcollector <> - pmu config: cpu_core
177 [127023418697408] INFO perfrun.perfcollector <> - config: cmask: 0
177 [127023418697408] INFO perfrun.perfcollector <> - config: edge: 0
177 [127023418697408] INFO perfrun.perfcollector <> - config: event: 0
177 [127023418697408] INFO perfrun.perfcollector <> - config1: frontend: 0
177 [127023418697408] INFO perfrun.perfcollector <> - config: inv: 0
177 [127023418697408] INFO perfrun.perfcollector <> - config1: ldlat: 0
177 [127023418697408] INFO perfrun.perfcollector <> - config1: offcore_rsp: 0
177 [127023418697408] INFO perfrun.perfcollector <> - config: pc: 0
177 [127023418697408] INFO perfrun.perfcollector <> - config: umask: 3
177 [127023418697408] INFO perfrun.perfcollector <> - format: cpu_core/period=2500000,umask=0x3,name='CPU_CLK_UNHALTED.REF_TSC[CORE]'/D
177 [127023418697408] INFO perfrun.perfcollector <> - precise event: extended pebs bit is enabled
177 [127023418697408] INFO perfrun.perfcollector <> - event: 30: TOPDOWN.SLOTS
177 [127023418697408] INFO perfrun.perfcollector <> - cccr: addr: ffffffff, value: 0
177 [127023418697408] INFO perfrun.perfcollector <> - data: addr: 30c, value: ffffffffff67697d
177 [127023418697408] INFO perfrun.perfcollector <> - pebs_enable: f00000001
177 [127023418697408] INFO perfrun.perfcollector <> - pmu config: cpu_core
177 [127023418697408] INFO perfrun.perfcollector <> - config: cmask: 0
177 [127023418697408] INFO perfrun.perfcollector <> - config: edge: 0
177 [127023418697408] INFO perfrun.perfcollector <> - config: event: 0
177 [127023418697408] INFO perfrun.perfcollector <> - config1: frontend: 0
177 [127023418697408] INFO perfrun.perfcollector <> - config: inv: 0
177 [127023418697408] INFO perfrun.perfcollector <> - config1: ldlat: 0
177 [127023418697408] INFO perfrun.perfcollector <> - config1: offcore_rsp: 0
177 [127023418697408] INFO perfrun.perfcollector <> - config: pc: 0
177 [127023418697408] INFO perfrun.perfcollector <> - config: umask: 4
177 [127023418697408] INFO perfrun.perfcollector <> - format: cpu_core/period=10000003,umask=0x4,name='TOPDOWN.SLOTS[CORE]'/D
177 [127023418697408] INFO perfrun.perfcollector <> - precise event: extended pebs bit is enabled
177 [127023418697408] INFO perfrun.perfcollector <> - event: 21: MEMORY_ACTIVITY.STALLS_L1D_MISS
177 [127023418697408] INFO perfrun.perfcollector <> - cccr: addr: 186, value: 403430347
177 [127023418697408] INFO perfrun.perfcollector <> - data: addr: c1, value: fffffffffff0bdbd
177 [127023418697408] INFO perfrun.perfcollector <> - pebs_enable: f000000ff
177 [127023418697408] INFO perfrun.perfcollector <> - pmu config: cpu_core
177 [127023418697408] INFO perfrun.perfcollector <> - config: cmask: 3
177 [127023418697408] INFO perfrun.perfcollector <> - config: edge: 0
177 [127023418697408] INFO perfrun.perfcollector <> - config: event: 47
177 [127023418697408] INFO perfrun.perfcollector <> - config1: frontend: 0
177 [127023418697408] INFO perfrun.perfcollector <> - config: inv: 0
177 [127023418697408] INFO perfrun.perfcollector <> - config1: ldlat: 0
177 [127023418697408] INFO perfrun.perfcollector <> - config1: offcore_rsp: 0
177 [127023418697408] INFO perfrun.perfcollector <> - config: pc: 0
177 [127023418697408] INFO perfrun.perfcollector <> - config: umask: 3
177 [127023418697408] INFO perfrun.perfcollector <> - format: cpu_core/period=1000003,cmask=0x3,event=0x47,umask=0x3,name='MEMORY_ACTIVITY.STALLS_L1D_MISS[CORE]'/
177 [127023418697408] INFO perfrun.perfcollector <> - precise event: event selector has no imprecise bit
177 [127023418697408] INFO perfrun.perfcollector <> - event: 22: MEMORY_ACTIVITY.STALLS_L2_MISS
177 [127023418697408] INFO perfrun.perfcollector <> - cccr: addr: 187, value: 405430547
177 [127023418697408] INFO perfrun.perfcollector <> - data: addr: c2, value: fffffffffff0bdbd
177 [127023418697408] INFO perfrun.perfcollector <> - pebs_enable: f000000ff
177 [127023418697408] INFO perfrun.perfcollector <> - pmu config: cpu_core
177 [127023418697408] INFO perfrun.perfcollector <> - config: cmask: 5
177 [127023418697408] INFO perfrun.perfcollector <> - config: edge: 0
177 [127023418697408] INFO perfrun.perfcollector <> - config: event: 47
177 [127023418697408] INFO perfrun.perfcollector <> - config1: frontend: 0
177 [127023418697408] INFO perfrun.perfcollector <> - config: inv: 0
177 [127023418697408] INFO perfrun.perfcollector <> - config1: ldlat: 0
177 [127023418697408] INFO perfrun.perfcollector <> - config1: offcore_rsp: 0
177 [127023418697408] INFO perfrun.perfcollector <> - config: pc: 0
177 [127023418697408] INFO perfrun.perfcollector <> - config: umask: 5
177 [127023418697408] INFO perfrun.perfcollector <> - format: cpu_core/period=1000003,cmask=0x5,event=0x47,umask=0x5,name='MEMORY_ACTIVITY.STALLS_L2_MISS[CORE]'/
177 [127023418697408] INFO perfrun.perfcollector <> - precise event: event selector has no imprecise bit
177 [127023418697408] INFO perfrun.perfcollector <> - event: 23: MEMORY_ACTIVITY.STALLS_L3_MISS
177 [127023418697408] INFO perfrun.perfcollector <> - cccr: addr: 188, value: 409430947
177 [127023418697408] INFO perfrun.perfcollector <> - data: addr: c3, value: fffffffffff0bdbd
177 [127023418697408] INFO perfrun.perfcollector <> - pebs_enable: f000000ff
177 [127023418697408] INFO perfrun.perfcollector <> - pmu config: cpu_core
177 [127023418697408] INFO perfrun.perfcollector <> - config: cmask: 9
177 [127023418697408] INFO perfrun.perfcollector <> - config: edge: 0
177 [127023418697408] INFO perfrun.perfcollector <> - config: event: 47
177 [127023418697408] INFO perfrun.perfcollector <> - config1: frontend: 0
177 [127023418697408] INFO perfrun.perfcollector <> - config: inv: 0
177 [127023418697408] INFO perfrun.perfcollector <> - config1: ldlat: 0
177 [127023418697408] INFO perfrun.perfcollector <> - config1: offcore_rsp: 0
177 [127023418697408] INFO perfrun.perfcollector <> - config: pc: 0
177 [127023418697408] INFO perfrun.perfcollector <> - config: umask: 9
177 [127023418697408] INFO perfrun.perfcollector <> - format: cpu_core/period=1000003,cmask=0x9,event=0x47,umask=0x9,name='MEMORY_ACTIVITY.STALLS_L3_MISS[CORE]'/
177 [127023418697408] INFO perfrun.perfcollector <> - precise event: event selector has no imprecise bit
177 [127023418697408] INFO perfrun.perfcollector <> - event: 24: MEM_LOAD_RETIRED.L1_HIT
177 [127023418697408] INFO perfrun.perfcollector <> - cccr: addr: 189, value: 4004301d1
177 [127023418697408] INFO perfrun.perfcollector <> - data: addr: c4, value: fffffffffff0bdbd
177 [127023418697408] INFO perfrun.perfcollector <> - pebs_enable: f000000ff
177 [127023418697408] INFO perfrun.perfcollector <> - pmu config: cpu_core
177 [127023418697408] INFO perfrun.perfcollector <> - config: cmask: 0
177 [127023418697408] INFO perfrun.perfcollector <> - config: edge: 0
177 [127023418697408] INFO perfrun.perfcollector <> - config: event: d1
177 [127023418697408] INFO perfrun.perfcollector <> - config1: frontend: 0
177 [127023418697408] INFO perfrun.perfcollector <> - config: inv: 0
177 [127023418697408] INFO perfrun.perfcollector <> - config1: ldlat: 0
177 [127023418697408] INFO perfrun.perfcollector <> - config1: offcore_rsp: 0
177 [127023418697408] INFO perfrun.perfcollector <> - config: pc: 0
177 [127023418697408] INFO perfrun.perfcollector <> - config: umask: 1
177 [127023418697408] INFO perfrun.perfcollector <> - format: cpu_core/period=1000003,event=0xd1,umask=0x1,name='MEM_LOAD_RETIRED.L1_HIT[CORE]'/
177 [127023418697408] INFO perfrun.perfcollector <> - precise event: event selector has no imprecise bit
177 [127023418697408] INFO perfrun.perfcollector <> - event: 3: CPU_CLK_UNHALTED.DISTRIBUTED
177 [127023418697408] INFO perfrun.perfcollector <> - cccr: addr: 18a, value: 4004302ec
177 [127023418697408] INFO perfrun.perfcollector <> - data: addr: c5, value: ffffffffffd9da60
177 [127023418697408] INFO perfrun.perfcollector <> - pebs_enable: f000000ff
177 [127023418697408] INFO perfrun.perfcollector <> - pmu config: cpu_core
177 [127023418697408] INFO perfrun.perfcollector <> - config: cmask: 0
177 [127023418697408] INFO perfrun.perfcollector <> - config: edge: 0
177 [127023418697408] INFO perfrun.perfcollector <> - config: event: ec
177 [127023418697408] INFO perfrun.perfcollector <> - config1: frontend: 0
177 [127023418697408] INFO perfrun.perfcollector <> - config: inv: 0
177 [127023418697408] INFO perfrun.perfcollector <> - config1: ldlat: 0
177 [127023418697408] INFO perfrun.perfcollector <> - config1: offcore_rsp: 0
177 [127023418697408] INFO perfrun.perfcollector <> - config: pc: 0
177 [127023418697408] INFO perfrun.perfcollector <> - config: umask: 2
177 [127023418697408] INFO perfrun.perfcollector <> - format: cpu_core/period=2500000,event=0xec,umask=0x2,name='CPU_CLK_UNHALTED.DISTRIBUTED[CORE]'/
177 [127023418697408] INFO perfrun.perfcollector <> - precise event: event selector has no imprecise bit
177 [127023418697408] INFO perfrun.perfcollector <> - event: 4: CPU_CLK_UNHALTED.THREAD_P
177 [127023418697408] INFO perfrun.perfcollector <> - cccr: addr: 18b, value: 40043003c
177 [127023418697408] INFO perfrun.perfcollector <> - data: addr: c6, value: ffffffffffe17b7d
177 [127023418697408] INFO perfrun.perfcollector <> - pebs_enable: f000000ff
177 [127023418697408] INFO perfrun.perfcollector <> - pmu config: cpu_core
177 [127023418697408] INFO perfrun.perfcollector <> - config: cmask: 0
177 [127023418697408] INFO perfrun.perfcollector <> - config: edge: 0
177 [127023418697408] INFO perfrun.perfcollector <> - config: event: 3c
177 [127023418697408] INFO perfrun.perfcollector <> - config1: frontend: 0
177 [127023418697408] INFO perfrun.perfcollector <> - config: inv: 0
177 [127023418697408] INFO perfrun.perfcollector <> - config1: ldlat: 0
177 [127023418697408] INFO perfrun.perfcollector <> - config1: offcore_rsp: 0
177 [127023418697408] INFO perfrun.perfcollector <> - config: pc: 0
177 [127023418697408] INFO perfrun.perfcollector <> - config: umask: 0
177 [127023418697408] INFO perfrun.perfcollector <> - format: cpu_core/period=2000003,event=0x3c,name='CPU_CLK_UNHALTED.THREAD_P[CORE]'/
177 [127023418697408] INFO perfrun.perfcollector <> - precise event: event selector has no imprecise bit
177 [127023418697408] INFO perfrun.perfcollector <> - event: 5: EXE_ACTIVITY.BOUND_ON_LOADS
177 [127023418697408] INFO perfrun.perfcollector <> - cccr: addr: 18c, value: 4054321a6
177 [127023418697408] INFO perfrun.perfcollector <> - data: addr: c7, value: ffffffffffe17b7d
177 [127023418697408] INFO perfrun.perfcollector <> - pebs_enable: f000000ff
177 [127023418697408] INFO perfrun.perfcollector <> - pmu config: cpu_core
177 [127023418697408] INFO perfrun.perfcollector <> - config: cmask: 5
177 [127023418697408] INFO perfrun.perfcollector <> - config: edge: 0
177 [127023418697408] INFO perfrun.perfcollector <> - config: event: a6
177 [127023418697408] INFO perfrun.perfcollector <> - config1: frontend: 0
177 [127023418697408] INFO perfrun.perfcollector <> - config: inv: 0
177 [127023418697408] INFO perfrun.perfcollector <> - config1: ldlat: 0
177 [127023418697408] INFO perfrun.perfcollector <> - config1: offcore_rsp: 0
177 [127023418697408] INFO perfrun.perfcollector <> - config: pc: 0
177 [127023418697408] INFO perfrun.perfcollector <> - config: umask: 21
177 [127023418697408] INFO perfrun.perfcollector <> - format: cpu_core/period=2000003,cmask=0x5,event=0xa6,umask=0x21,name='EXE_ACTIVITY.BOUND_ON_LOADS[CORE]'/
177 [127023418697408] INFO perfrun.perfcollector <> - precise event: event selector has no imprecise bit
177 [127023418697408] INFO perfrun.perfcollector <> - event: 6: FP_ARITH_DISPATCHED.PORT_0
177 [127023418697408] INFO perfrun.perfcollector <> - cccr: addr: 18d, value: 4004301b3
177 [127023418697408] INFO perfrun.perfcollector <> - data: addr: c8, value: ffffffffffe17b7d
177 [127023418697408] INFO perfrun.perfcollector <> - pebs_enable: f000000ff
177 [127023418697408] INFO perfrun.perfcollector <> - pmu config: cpu_core
177 [127023418697408] INFO perfrun.perfcollector <> - config: cmask: 0
177 [127023418697408] INFO perfrun.perfcollector <> - config: edge: 0
177 [127023418697408] INFO perfrun.perfcollector <> - config: event: b3
177 [127023418697408] INFO perfrun.perfcollector <> - config1: frontend: 0
177 [127023418697408] INFO perfrun.perfcollector <> - config: inv: 0
177 [127023418697408] INFO perfrun.perfcollector <> - config1: ldlat: 0
177 [127023418697408] INFO perfrun.perfcollector <> - config1: offcore_rsp: 0
177 [127023418697408] INFO perfrun.perfcollector <> - config: pc: 0
177 [127023418697408] INFO perfrun.perfcollector <> - config: umask: 1
177 [127023418697408] INFO perfrun.perfcollector <> - format: cpu_core/period=2000003,event=0xb3,umask=0x1,name='FP_ARITH_DISPATCHED.PORT_0[CORE]'/
177 [127023418697408] INFO perfrun.perfcollector <> - precise event: event selector has no imprecise bit
177 [127023418697408] INFO perfrun.perfcollector <> - event: 25: MEM_LOAD_RETIRED.L2_HIT
177 [127023418697408] INFO perfrun.perfcollector <> - cccr: addr: 186, value: 4004302d1
177 [127023418697408] INFO perfrun.perfcollector <> - data: addr: c1, value: fffffffffffcf2bd
177 [127023418697408] INFO perfrun.perfcollector <> - pebs_enable: f000000ff
177 [127023418697408] INFO perfrun.perfcollector <> - pmu config: cpu_core
177 [127023418697408] INFO perfrun.perfcollector <> - config: cmask: 0
177 [127023418697408] INFO perfrun.perfcollector <> - config: edge: 0
177 [127023418697408] INFO perfrun.perfcollector <> - config: event: d1
177 [127023418697408] INFO perfrun.perfcollector <> - config1: frontend: 0
177 [127023418697408] INFO perfrun.perfcollector <> - config: inv: 0
177 [127023418697408] INFO perfrun.perfcollector <> - config1: ldlat: 0
177 [127023418697408] INFO perfrun.perfcollector <> - config1: offcore_rsp: 0
177 [127023418697408] INFO perfrun.perfcollector <> - config: pc: 0
177 [127023418697408] INFO perfrun.perfcollector <> - config: umask: 2
177 [127023418697408] INFO perfrun.perfcollector <> - format: cpu_core/period=200003,event=0xd1,umask=0x2,name='MEM_LOAD_RETIRED.L2_HIT[CORE]'/
177 [127023418697408] INFO perfrun.perfcollector <> - precise event: event selector has no imprecise bit
177 [127023418697408] INFO perfrun.perfcollector <> - event: 26: MEM_LOAD_RETIRED.L3_HIT
177 [127023418697408] INFO perfrun.perfcollector <> - cccr: addr: 187, value: 4004304d1
177 [127023418697408] INFO perfrun.perfcollector <> - data: addr: c2, value: fffffffffffe794b
177 [127023418697408] INFO perfrun.perfcollector <> - pebs_enable: f000000ff
177 [127023418697408] INFO perfrun.perfcollector <> - pmu config: cpu_core
177 [127023418697408] INFO perfrun.perfcollector <> - config: cmask: 0
177 [127023418697408] INFO perfrun.perfcollector <> - config: edge: 0
177 [127023418697408] INFO perfrun.perfcollector <> - config: event: d1
177 [127023418697408] INFO perfrun.perfcollector <> - config1: frontend: 0
177 [127023418697408] INFO perfrun.perfcollector <> - config: inv: 0
177 [127023418697408] INFO perfrun.perfcollector <> - config1: ldlat: 0
177 [127023418697408] INFO perfrun.perfcollector <> - config1: offcore_rsp: 0
177 [127023418697408] INFO perfrun.perfcollector <> - config: pc: 0
177 [127023418697408] INFO perfrun.perfcollector <> - config: umask: 4
177 [127023418697408] INFO perfrun.perfcollector <> - format: cpu_core/period=100021,event=0xd1,umask=0x4,name='MEM_LOAD_RETIRED.L3_HIT[CORE]'/
177 [127023418697408] INFO perfrun.perfcollector <> - precise event: event selector has no imprecise bit
177 [127023418697408] INFO perfrun.perfcollector <> - event: 27: MEM_LOAD_RETIRED.L3_MISS
177 [127023418697408] INFO perfrun.perfcollector <> - cccr: addr: 188, value: 4004320d1
177 [127023418697408] INFO perfrun.perfcollector <> - data: addr: c3, value: ffffffffffff3c9b
177 [127023418697408] INFO perfrun.perfcollector <> - pebs_enable: f000000ff
177 [127023418697408] INFO perfrun.perfcollector <> - pmu config: cpu_core
177 [127023418697408] INFO perfrun.perfcollector <> - config: cmask: 0
177 [127023418697408] INFO perfrun.perfcollector <> - config: edge: 0
177 [127023418697408] INFO perfrun.perfcollector <> - config: event: d1
177 [127023418697408] INFO perfrun.perfcollector <> - config1: frontend: 0
177 [127023418697408] INFO perfrun.perfcollector <> - config: inv: 0
177 [127023418697408] INFO perfrun.perfcollector <> - config1: ldlat: 0
177 [127023418697408] INFO perfrun.perfcollector <> - config1: offcore_rsp: 0
177 [127023418697408] INFO perfrun.perfcollector <> - config: pc: 0
177 [127023418697408] INFO perfrun.perfcollector <> - config: umask: 20
177 [127023418697408] INFO perfrun.perfcollector <> - format: cpu_core/period=50021,event=0xd1,umask=0x20,name='MEM_LOAD_RETIRED.L3_MISS[CORE]'/
177 [127023418697408] INFO perfrun.perfcollector <> - precise event: event selector has no imprecise bit
177 [127023418697408] INFO perfrun.perfcollector <> - event: 47: MEM_INST_RETIRED.ALL_STORES
177 [127023418697408] INFO perfrun.perfcollector <> - cccr: addr: 189, value: 4004382d0
177 [127023418697408] INFO perfrun.perfcollector <> - data: addr: c4, value: fffffffffffe795d
177 [127023418697408] INFO perfrun.perfcollector <> - pebs_enable: f000000ff
177 [127023418697408] INFO perfrun.perfcollector <> - pmu config: cpu_core
177 [127023418697408] INFO perfrun.perfcollector <> - config: cmask: 0
177 [127023418697408] INFO perfrun.perfcollector <> - config: edge: 0
177 [127023418697408] INFO perfrun.perfcollector <> - config: event: d0
177 [127023418697408] INFO perfrun.perfcollector <> - config1: frontend: 0
177 [127023418697408] INFO perfrun.perfcollector <> - config: inv: 0
177 [127023418697408] INFO perfrun.perfcollector <> - config1: ldlat: 0
177 [127023418697408] INFO perfrun.perfcollector <> - config1: offcore_rsp: 0
177 [127023418697408] INFO perfrun.perfcollector <> - config: pc: 0
177 [127023418697408] INFO perfrun.perfcollector <> - config: umask: 82
177 [127023418697408] INFO perfrun.perfcollector <> - format: cpu_core/period=100003,event=0xd0,umask=0x82,name='MEM_INST_RETIRED.ALL_STORES[CORE]'/
177 [127023418697408] INFO perfrun.perfcollector <> - precise event: event selector has no imprecise bit
177 [127023418697408] INFO perfrun.perfcollector <> - event: 7: FP_ARITH_DISPATCHED.PORT_1
177 [127023418697408] INFO perfrun.perfcollector <> - cccr: addr: 18a, value: 4004302b3
177 [127023418697408] INFO perfrun.perfcollector <> - data: addr: c5, value: ffffffffffe17b7d
177 [127023418697408] INFO perfrun.perfcollector <> - pebs_enable: f000000ff
177 [127023418697408] INFO perfrun.perfcollector <> - pmu config: cpu_core
177 [127023418697408] INFO perfrun.perfcollector <> - config: cmask: 0
177 [127023418697408] INFO perfrun.perfcollector <> - config: edge: 0
177 [127023418697408] INFO perfrun.perfcollector <> - config: event: b3
177 [127023418697408] INFO perfrun.perfcollector <> - config1: frontend: 0
177 [127023418697408] INFO perfrun.perfcollector <> - config: inv: 0
177 [127023418697408] INFO perfrun.perfcollector <> - config1: ldlat: 0
177 [127023418697408] INFO perfrun.perfcollector <> - config1: offcore_rsp: 0
177 [127023418697408] INFO perfrun.perfcollector <> - config: pc: 0
177 [127023418697408] INFO perfrun.perfcollector <> - config: umask: 2
177 [127023418697408] INFO perfrun.perfcollector <> - format: cpu_core/period=2000003,event=0xb3,umask=0x2,name='FP_ARITH_DISPATCHED.PORT_1[CORE]'/
177 [127023418697408] INFO perfrun.perfcollector <> - precise event: event selector has no imprecise bit
177 [127023418697408] INFO perfrun.perfcollector <> - event: 8: FP_ARITH_DISPATCHED.PORT_5
177 [127023418697408] INFO perfrun.perfcollector <> - cccr: addr: 18b, value: 4004304b3
177 [127023418697408] INFO perfrun.perfcollector <> - data: addr: c6, value: ffffffffffe17b7d
177 [127023418697408] INFO perfrun.perfcollector <> - pebs_enable: f000000ff
177 [127023418697408] INFO perfrun.perfcollector <> - pmu config: cpu_core
177 [127023418697408] INFO perfrun.perfcollector <> - config: cmask: 0
177 [127023418697408] INFO perfrun.perfcollector <> - config: edge: 0
177 [127023418697408] INFO perfrun.perfcollector <> - config: event: b3
177 [127023418697408] INFO perfrun.perfcollector <> - config1: frontend: 0
177 [127023418697408] INFO perfrun.perfcollector <> - config: inv: 0
177 [127023418697408] INFO perfrun.perfcollector <> - config1: ldlat: 0
177 [127023418697408] INFO perfrun.perfcollector <> - config1: offcore_rsp: 0
177 [127023418697408] INFO perfrun.perfcollector <> - config: pc: 0
177 [127023418697408] INFO perfrun.perfcollector <> - config: umask: 4
177 [127023418697408] INFO perfrun.perfcollector <> - format: cpu_core/period=2000003,event=0xb3,umask=0x4,name='FP_ARITH_DISPATCHED.PORT_5[CORE]'/
177 [127023418697408] INFO perfrun.perfcollector <> - precise event: event selector has no imprecise bit
177 [127023418697408] INFO perfrun.perfcollector <> - event: 9: FP_ARITH_INST_RETIRED.128B_PACKED_DOUBLE
177 [127023418697408] INFO perfrun.perfcollector <> - cccr: addr: 18c, value: 4004304c7
177 [127023418697408] INFO perfrun.perfcollector <> - data: addr: c7, value: ffffffffffe17b7d
177 [127023418697408] INFO perfrun.perfcollector <> - pebs_enable: f000000ff
177 [127023418697408] INFO perfrun.perfcollector <> - pmu config: cpu_core
177 [127023418697408] INFO perfrun.perfcollector <> - config: cmask: 0
177 [127023418697408] INFO perfrun.perfcollector <> - config: edge: 0
177 [127023418697408] INFO perfrun.perfcollector <> - config: event: c7
177 [127023418697408] INFO perfrun.perfcollector <> - config1: frontend: 0
177 [127023418697408] INFO perfrun.perfcollector <> - config: inv: 0
177 [127023418697408] INFO perfrun.perfcollector <> - config1: ldlat: 0
177 [127023418697408] INFO perfrun.perfcollector <> - config1: offcore_rsp: 0
177 [127023418697408] INFO perfrun.perfcollector <> - config: pc: 0
177 [127023418697408] INFO perfrun.perfcollector <> - config: umask: 4
177 [127023418697408] INFO perfrun.perfcollector <> - format: cpu_core/period=2000003,event=0xc7,umask=0x4,name='FP_ARITH_INST_RETIRED.128B_PACKED_DOUBLE[CORE]'/
177 [127023418697408] INFO perfrun.perfcollector <> - precise event: event selector has no imprecise bit
177 [127023418697408] INFO perfrun.perfcollector <> - event: 10: FP_ARITH_INST_RETIRED.128B_PACKED_SINGLE
177 [127023418697408] INFO perfrun.perfcollector <> - cccr: addr: 18d, value: 4004308c7
177 [127023418697408] INFO perfrun.perfcollector <> - data: addr: c8, value: ffffffffffe17b7d
177 [127023418697408] INFO perfrun.perfcollector <> - pebs_enable: f000000ff
177 [127023418697408] INFO perfrun.perfcollector <> - pmu config: cpu_core
177 [127023418697408] INFO perfrun.perfcollector <> - config: cmask: 0
177 [127023418697408] INFO perfrun.perfcollector <> - config: edge: 0
177 [127023418697408] INFO perfrun.perfcollector <> - config: event: c7
177 [127023418697408] INFO perfrun.perfcollector <> - config1: frontend: 0
177 [127023418697408] INFO perfrun.perfcollector <> - config: inv: 0
177 [127023418697408] INFO perfrun.perfcollector <> - config1: ldlat: 0
177 [127023418697408] INFO perfrun.perfcollector <> - config1: offcore_rsp: 0
177 [127023418697408] INFO perfrun.perfcollector <> - config: pc: 0
177 [127023418697408] INFO perfrun.perfcollector <> - config: umask: 8
177 [127023418697408] INFO perfrun.perfcollector <> - format: cpu_core/period=2000003,event=0xc7,umask=0x8,name='FP_ARITH_INST_RETIRED.128B_PACKED_SINGLE[CORE]'/
177 [127023418697408] INFO perfrun.perfcollector <> - precise event: event selector has no imprecise bit
177 [127023418697408] INFO perfrun.perfcollector <> - event: 48: MEM_INST_RETIRED.ALL_LOADS
177 [127023418697408] INFO perfrun.perfcollector <> - cccr: addr: 186, value: 4004381d0
177 [127023418697408] INFO perfrun.perfcollector <> - data: addr: c1, value: fffffffffffe795d
177 [127023418697408] INFO perfrun.perfcollector <> - pebs_enable: f000000ff
177 [127023418697408] INFO perfrun.perfcollector <> - pmu config: cpu_core
177 [127023418697408] INFO perfrun.perfcollector <> - config: cmask: 0
177 [127023418697408] INFO perfrun.perfcollector <> - config: edge: 0
177 [127023418697408] INFO perfrun.perfcollector <> - config: event: d0
177 [127023418697408] INFO perfrun.perfcollector <> - config1: frontend: 0
177 [127023418697408] INFO perfrun.perfcollector <> - config: inv: 0
177 [127023418697408] INFO perfrun.perfcollector <> - config1: ldlat: 0
177 [127023418697408] INFO perfrun.perfcollector <> - config1: offcore_rsp: 0
177 [127023418697408] INFO perfrun.perfcollector <> - config: pc: 0
177 [127023418697408] INFO perfrun.perfcollector <> - config: umask: 81
177 [127023418697408] INFO perfrun.perfcollector <> - format: cpu_core/period=100003,event=0xd0,umask=0x81,name='MEM_INST_RETIRED.ALL_LOADS[CORE]'/
177 [127023418697408] INFO perfrun.perfcollector <> - precise event: event selector has no imprecise bit
177 [127023418697408] INFO perfrun.perfcollector <> - event: 11: FP_ARITH_INST_RETIRED.256B_PACKED_DOUBLE
177 [127023418697408] INFO perfrun.perfcollector <> - cccr: addr: 187, value: 4004310c7
177 [127023418697408] INFO perfrun.perfcollector <> - data: addr: c2, value: ffffffffffe17b7d
177 [127023418697408] INFO perfrun.perfcollector <> - pebs_enable: f000000ff
177 [127023418697408] INFO perfrun.perfcollector <> - pmu config: cpu_core
177 [127023418697408] INFO perfrun.perfcollector <> - config: cmask: 0
177 [127023418697408] INFO perfrun.perfcollector <> - config: edge: 0
177 [127023418697408] INFO perfrun.perfcollector <> - config: event: c7
177 [127023418697408] INFO perfrun.perfcollector <> - config1: frontend: 0
177 [127023418697408] INFO perfrun.perfcollector <> - config: inv: 0
177 [127023418697408] INFO perfrun.perfcollector <> - config1: ldlat: 0
177 [127023418697408] INFO perfrun.perfcollector <> - config1: offcore_rsp: 0
177 [127023418697408] INFO perfrun.perfcollector <> - config: pc: 0
177 [127023418697408] INFO perfrun.perfcollector <> - config: umask: 10
177 [127023418697408] INFO perfrun.perfcollector <> - format: cpu_core/period=2000003,event=0xc7,umask=0x10,name='FP_ARITH_INST_RETIRED.256B_PACKED_DOUBLE[CORE]'/
177 [127023418697408] INFO perfrun.perfcollector <> - precise event: event selector has no imprecise bit
177 [127023418697408] INFO perfrun.perfcollector <> - event: 12: FP_ARITH_INST_RETIRED.256B_PACKED_SINGLE
177 [127023418697408] INFO perfrun.perfcollector <> - cccr: addr: 188, value: 4004320c7
177 [127023418697408] INFO perfrun.perfcollector <> - data: addr: c3, value: ffffffffffe17b7d
177 [127023418697408] INFO perfrun.perfcollector <> - pebs_enable: f000000ff
177 [127023418697408] INFO perfrun.perfcollector <> - pmu config: cpu_core
177 [127023418697408] INFO perfrun.perfcollector <> - config: cmask: 0
177 [127023418697408] INFO perfrun.perfcollector <> - config: edge: 0
177 [127023418697408] INFO perfrun.perfcollector <> - config: event: c7
177 [127023418697408] INFO perfrun.perfcollector <> - config1: frontend: 0
177 [127023418697408] INFO perfrun.perfcollector <> - config: inv: 0
177 [127023418697408] INFO perfrun.perfcollector <> - config1: ldlat: 0
177 [127023418697408] INFO perfrun.perfcollector <> - config1: offcore_rsp: 0
177 [127023418697408] INFO perfrun.perfcollector <> - config: pc: 0
177 [127023418697408] INFO perfrun.perfcollector <> - config: umask: 20
177 [127023418697408] INFO perfrun.perfcollector <> - format: cpu_core/period=2000003,event=0xc7,umask=0x20,name='FP_ARITH_INST_RETIRED.256B_PACKED_SINGLE[CORE]'/
177 [127023418697408] INFO perfrun.perfcollector <> - precise event: event selector has no imprecise bit
177 [127023418697408] INFO perfrun.perfcollector <> - event: 13: FP_ARITH_INST_RETIRED.4_FLOPS
177 [127023418697408] INFO perfrun.perfcollector <> - cccr: addr: 189, value: 4004318c7
177 [127023418697408] INFO perfrun.perfcollector <> - data: addr: c4, value: fffffffffffe795d
177 [127023418697408] INFO perfrun.perfcollector <> - pebs_enable: f000000ff
177 [127023418697408] INFO perfrun.perfcollector <> - pmu config: cpu_core
177 [127023418697408] INFO perfrun.perfcollector <> - config: cmask: 0
177 [127023418697408] INFO perfrun.perfcollector <> - config: edge: 0
177 [127023418697408] INFO perfrun.perfcollector <> - config: event: c7
177 [127023418697408] INFO perfrun.perfcollector <> - config1: frontend: 0
177 [127023418697408] INFO perfrun.perfcollector <> - config: inv: 0
177 [127023418697408] INFO perfrun.perfcollector <> - config1: ldlat: 0
177 [127023418697408] INFO perfrun.perfcollector <> - config1: offcore_rsp: 0
177 [127023418697408] INFO perfrun.perfcollector <> - config: pc: 0
177 [127023418697408] INFO perfrun.perfcollector <> - config: umask: 18
177 [127023418697408] INFO perfrun.perfcollector <> - format: cpu_core/period=100003,event=0xc7,umask=0x18,name='FP_ARITH_INST_RETIRED.4_FLOPS[CORE]'/
177 [127023418697408] INFO perfrun.perfcollector <> - precise event: event selector has no imprecise bit
177 [127023418697408] INFO perfrun.perfcollector <> - event: 14: FP_ARITH_INST_RETIRED.SCALAR
177 [127023418697408] INFO perfrun.perfcollector <> - cccr: addr: 18a, value: 4004303c7
177 [127023418697408] INFO perfrun.perfcollector <> - data: addr: c5, value: fffffffffff0bdbd
177 [127023418697408] INFO perfrun.perfcollector <> - pebs_enable: f000000ff
177 [127023418697408] INFO perfrun.perfcollector <> - pmu config: cpu_core
177 [127023418697408] INFO perfrun.perfcollector <> - config: cmask: 0
177 [127023418697408] INFO perfrun.perfcollector <> - config: edge: 0
177 [127023418697408] INFO perfrun.perfcollector <> - config: event: c7
177 [127023418697408] INFO perfrun.perfcollector <> - config1: frontend: 0
177 [127023418697408] INFO perfrun.perfcollector <> - config: inv: 0
177 [127023418697408] INFO perfrun.perfcollector <> - config1: ldlat: 0
177 [127023418697408] INFO perfrun.perfcollector <> - config1: offcore_rsp: 0
177 [127023418697408] INFO perfrun.perfcollector <> - config: pc: 0
177 [127023418697408] INFO perfrun.perfcollector <> - config: umask: 3
177 [127023418697408] INFO perfrun.perfcollector <> - format: cpu_core/period=1000003,event=0xc7,umask=0x3,name='FP_ARITH_INST_RETIRED.SCALAR[CORE]'/
177 [127023418697408] INFO perfrun.perfcollector <> - precise event: event selector has no imprecise bit
177 [127023418697408] INFO perfrun.perfcollector <> - event: 15: FP_ARITH_INST_RETIRED.SCALAR_DOUBLE
177 [127023418697408] INFO perfrun.perfcollector <> - cccr: addr: 18b, value: 4004301c7
177 [127023418697408] INFO perfrun.perfcollector <> - data: addr: c6, value: ffffffffffe17b7d
177 [127023418697408] INFO perfrun.perfcollector <> - pebs_enable: f000000ff
177 [127023418697408] INFO perfrun.perfcollector <> - pmu config: cpu_core
177 [127023418697408] INFO perfrun.perfcollector <> - config: cmask: 0
177 [127023418697408] INFO perfrun.perfcollector <> - config: edge: 0
177 [127023418697408] INFO perfrun.perfcollector <> - config: event: c7
177 [127023418697408] INFO perfrun.perfcollector <> - config1: frontend: 0
177 [127023418697408] INFO perfrun.perfcollector <> - config: inv: 0
177 [127023418697408] INFO perfrun.perfcollector <> - config1: ldlat: 0
177 [127023418697408] INFO perfrun.perfcollector <> - config1: offcore_rsp: 0
177 [127023418697408] INFO perfrun.perfcollector <> - config: pc: 0
177 [127023418697408] INFO perfrun.perfcollector <> - config: umask: 1
177 [127023418697408] INFO perfrun.perfcollector <> - format: cpu_core/period=2000003,event=0xc7,umask=0x1,name='FP_ARITH_INST_RETIRED.SCALAR_DOUBLE[CORE]'/
177 [127023418697408] INFO perfrun.perfcollector <> - precise event: event selector has no imprecise bit
177 [127023418697408] INFO perfrun.perfcollector <> - event: 16: FP_ARITH_INST_RETIRED.SCALAR_SINGLE
177 [127023418697408] INFO perfrun.perfcollector <> - cccr: addr: 18c, value: 4004302c7
177 [127023418697408] INFO perfrun.perfcollector <> - data: addr: c7, value: ffffffffffe17b7d
177 [127023418697408] INFO perfrun.perfcollector <> - pebs_enable: f000000ff
177 [127023418697408] INFO perfrun.perfcollector <> - pmu config: cpu_core
177 [127023418697408] INFO perfrun.perfcollector <> - config: cmask: 0
177 [127023418697408] INFO perfrun.perfcollector <> - config: edge: 0
177 [127023418697408] INFO perfrun.perfcollector <> - config: event: c7
177 [127023418697408] INFO perfrun.perfcollector <> - config1: frontend: 0
177 [127023418697408] INFO perfrun.perfcollector <> - config: inv: 0
177 [127023418697408] INFO perfrun.perfcollector <> - config1: ldlat: 0
177 [127023418697408] INFO perfrun.perfcollector <> - config1: offcore_rsp: 0
177 [127023418697408] INFO perfrun.perfcollector <> - config: pc: 0
177 [127023418697408] INFO perfrun.perfcollector <> - config: umask: 2
177 [127023418697408] INFO perfrun.perfcollector <> - format: cpu_core/period=2000003,event=0xc7,umask=0x2,name='FP_ARITH_INST_RETIRED.SCALAR_SINGLE[CORE]'/
177 [127023418697408] INFO perfrun.perfcollector <> - precise event: event selector has no imprecise bit
177 [127023418697408] INFO perfrun.perfcollector <> - event: 17: FP_ARITH_INST_RETIRED.VECTOR
177 [127023418697408] INFO perfrun.perfcollector <> - cccr: addr: 18d, value: 40043fcc7
177 [127023418697408] INFO perfrun.perfcollector <> - data: addr: c8, value: fffffffffff0bdbd
177 [127023418697408] INFO perfrun.perfcollector <> - pebs_enable: f000000ff
177 [127023418697408] INFO perfrun.perfcollector <> - pmu config: cpu_core
177 [127023418697408] INFO perfrun.perfcollector <> - config: cmask: 0
177 [127023418697408] INFO perfrun.perfcollector <> - config: edge: 0
177 [127023418697408] INFO perfrun.perfcollector <> - config: event: c7
177 [127023418697408] INFO perfrun.perfcollector <> - config1: frontend: 0
177 [127023418697408] INFO perfrun.perfcollector <> - config: inv: 0
177 [127023418697408] INFO perfrun.perfcollector <> - config1: ldlat: 0
177 [127023418697408] INFO perfrun.perfcollector <> - config1: offcore_rsp: 0
177 [127023418697408] INFO perfrun.perfcollector <> - config: pc: 0
177 [127023418697408] INFO perfrun.perfcollector <> - config: umask: fc
177 [127023418697408] INFO perfrun.perfcollector <> - format: cpu_core/period=1000003,event=0xc7,umask=0xfc,name='FP_ARITH_INST_RETIRED.VECTOR[CORE]'/
177 [127023418697408] INFO perfrun.perfcollector <> - precise event: event selector has no imprecise bit
177 [127023418697408] INFO perfrun.perfcollector <> - event: 18: FRONTEND_RETIRED.LATENCY_GE_4
177 [127023418697408] INFO perfrun.perfcollector <> - cccr: addr: 186, value: 4004301c6
177 [127023418697408] INFO perfrun.perfcollector <> - data: addr: c1, value: fffffffffffe7959
177 [127023418697408] INFO perfrun.perfcollector <> - frontend: 600406
177 [127023418697408] INFO perfrun.perfcollector <> - pebs_enable: f000000ff
177 [127023418697408] INFO perfrun.perfcollector <> - pmu config: cpu_core
177 [127023418697408] INFO perfrun.perfcollector <> - config: cmask: 0
177 [127023418697408] INFO perfrun.perfcollector <> - config: edge: 0
177 [127023418697408] INFO perfrun.perfcollector <> - config: event: c6
177 [127023418697408] INFO perfrun.perfcollector <> - config1: frontend: 600406
177 [127023418697408] INFO perfrun.perfcollector <> - config: inv: 0
177 [127023418697408] INFO perfrun.perfcollector <> - config1: ldlat: 0
177 [127023418697408] INFO perfrun.perfcollector <> - config1: offcore_rsp: 0
177 [127023418697408] INFO perfrun.perfcollector <> - config: pc: 0
177 [127023418697408] INFO perfrun.perfcollector <> - config: umask: 1
177 [127023418697408] INFO perfrun.perfcollector <> - format: cpu_core/period=100007,event=0xc6,frontend=0x600406,umask=0x1,name='FRONTEND_RETIRED.LATENCY_GE_4[CORE]'/
177 [127023418697408] INFO perfrun.perfcollector <> - precise event: event selector has no imprecise bit
177 [127023418697408] INFO perfrun.perfcollector <> - event: 19: IDQ_BUBBLES.CORE
177 [127023418697408] INFO perfrun.perfcollector <> - cccr: addr: 187, value: 40043019c
177 [127023418697408] INFO perfrun.perfcollector <> - data: addr: c2, value: fffffffffff0bdbd
177 [127023418697408] INFO perfrun.perfcollector <> - pebs_enable: f000000ff
177 [127023418697408] INFO perfrun.perfcollector <> - pmu config: cpu_core
177 [127023418697408] INFO perfrun.perfcollector <> - config: cmask: 0
177 [127023418697408] INFO perfrun.perfcollector <> - config: edge: 0
177 [127023418697408] INFO perfrun.perfcollector <> - config: event: 9c
177 [127023418697408] INFO perfrun.perfcollector <> - config1: frontend: 0
177 [127023418697408] INFO perfrun.perfcollector <> - config: inv: 0
177 [127023418697408] INFO perfrun.perfcollector <> - config1: ldlat: 0
177 [127023418697408] INFO perfrun.perfcollector <> - config1: offcore_rsp: 0
177 [127023418697408] INFO perfrun.perfcollector <> - config: pc: 0
177 [127023418697408] INFO perfrun.perfcollector <> - config: umask: 1
177 [127023418697408] INFO perfrun.perfcollector <> - format: cpu_core/period=1000003,event=0x9c,umask=0x1,name='IDQ_BUBBLES.CORE[CORE]'/
177 [127023418697408] INFO perfrun.perfcollector <> - precise event: event selector has no imprecise bit
177 [127023418697408] INFO perfrun.perfcollector <> - event: 20: INT_MISC.UOP_DROPPING
177 [127023418697408] INFO perfrun.perfcollector <> - cccr: addr: 188, value: 4004310ad
177 [127023418697408] INFO perfrun.perfcollector <> - data: addr: c3, value: fffffffffff0bdbd
177 [127023418697408] INFO perfrun.perfcollector <> - pebs_enable: f000000ff
177 [127023418697408] INFO perfrun.perfcollector <> - pmu config: cpu_core
177 [127023418697408] INFO perfrun.perfcollector <> - config: cmask: 0
177 [127023418697408] INFO perfrun.perfcollector <> - config: edge: 0
177 [127023418697408] INFO perfrun.perfcollector <> - config: event: ad
177 [127023418697408] INFO perfrun.perfcollector <> - config1: frontend: 0
177 [127023418697408] INFO perfrun.perfcollector <> - config: inv: 0
177 [127023418697408] INFO perfrun.perfcollector <> - config1: ldlat: 0
177 [127023418697408] INFO perfrun.perfcollector <> - config1: offcore_rsp: 0
177 [127023418697408] INFO perfrun.perfcollector <> - config: pc: 0
177 [127023418697408] INFO perfrun.perfcollector <> - config: umask: 10
177 [127023418697408] INFO perfrun.perfcollector <> - format: cpu_core/period=1000003,event=0xad,umask=0x10,name='INT_MISC.UOP_DROPPING[CORE]'/
177 [127023418697408] INFO perfrun.perfcollector <> - precise event: event selector has no imprecise bit
177 [127023418697408] INFO perfrun.perfcollector <> - event: 28: TOPDOWN.BACKEND_BOUND_SLOTS
177 [127023418697408] INFO perfrun.perfcollector <> - cccr: addr: 189, value: 4004302a4
177 [127023418697408] INFO perfrun.perfcollector <> - data: addr: c4, value: ffffffffff67697d
177 [127023418697408] INFO perfrun.perfcollector <> - pebs_enable: f000000ff
177 [127023418697408] INFO perfrun.perfcollector <> - pmu config: cpu_core
177 [127023418697408] INFO perfrun.perfcollector <> - config: cmask: 0
177 [127023418697408] INFO perfrun.perfcollector <> - config: edge: 0
177 [127023418697408] INFO perfrun.perfcollector <> - config: event: a4
177 [127023418697408] INFO perfrun.perfcollector <> - config1: frontend: 0
177 [127023418697408] INFO perfrun.perfcollector <> - config: inv: 0
177 [127023418697408] INFO perfrun.perfcollector <> - config1: ldlat: 0
177 [127023418697408] INFO perfrun.perfcollector <> - config1: offcore_rsp: 0
177 [127023418697408] INFO perfrun.perfcollector <> - config: pc: 0
177 [127023418697408] INFO perfrun.perfcollector <> - config: umask: 2
177 [127023418697408] INFO perfrun.perfcollector <> - format: cpu_core/period=10000003,event=0xa4,umask=0x2,name='TOPDOWN.BACKEND_BOUND_SLOTS[CORE]'/
177 [127023418697408] INFO perfrun.perfcollector <> - precise event: event selector has no imprecise bit
177 [127023418697408] INFO perfrun.perfcollector <> - event: 29: TOPDOWN.MEMORY_BOUND_SLOTS
177 [127023418697408] INFO perfrun.perfcollector <> - cccr: addr: 18a, value: 4004310a4
177 [127023418697408] INFO perfrun.perfcollector <> - data: addr: c5, value: ffffffffff67697d
177 [127023418697408] INFO perfrun.perfcollector <> - pebs_enable: f000000ff
177 [127023418697408] INFO perfrun.perfcollector <> - pmu config: cpu_core
177 [127023418697408] INFO perfrun.perfcollector <> - config: cmask: 0
177 [127023418697408] INFO perfrun.perfcollector <> - config: edge: 0
177 [127023418697408] INFO perfrun.perfcollector <> - config: event: a4
177 [127023418697408] INFO perfrun.perfcollector <> - config1: frontend: 0
177 [127023418697408] INFO perfrun.perfcollector <> - config: inv: 0
177 [127023418697408] INFO perfrun.perfcollector <> - config1: ldlat: 0
177 [127023418697408] INFO perfrun.perfcollector <> - config1: offcore_rsp: 0
177 [127023418697408] INFO perfrun.perfcollector <> - config: pc: 0
177 [127023418697408] INFO perfrun.perfcollector <> - config: umask: 10
177 [127023418697408] INFO perfrun.perfcollector <> - format: cpu_core/period=10000003,event=0xa4,umask=0x10,name='TOPDOWN.MEMORY_BOUND_SLOTS[CORE]'/
177 [127023418697408] INFO perfrun.perfcollector <> - precise event: event selector has no imprecise bit
177 [127023418697408] INFO perfrun.perfcollector <> - event: 31: UOPS_RETIRED.SLOTS
177 [127023418697408] INFO perfrun.perfcollector <> - cccr: addr: 18b, value: 4004302c2
177 [127023418697408] INFO perfrun.perfcollector <> - data: addr: c6, value: ffffffffffe17b7d
178 [127023418697408] INFO perfrun.perfcollector <> - pebs_enable: f000000ff
178 [127023418697408] INFO perfrun.perfcollector <> - pmu config: cpu_core
178 [127023418697408] INFO perfrun.perfcollector <> - config: cmask: 0
178 [127023418697408] INFO perfrun.perfcollector <> - config: edge: 0
178 [127023418697408] INFO perfrun.perfcollector <> - config: event: c2
178 [127023418697408] INFO perfrun.perfcollector <> - config1: frontend: 0
178 [127023418697408] INFO perfrun.perfcollector <> - config: inv: 0
178 [127023418697408] INFO perfrun.perfcollector <> - config1: ldlat: 0
178 [127023418697408] INFO perfrun.perfcollector <> - config1: offcore_rsp: 0
178 [127023418697408] INFO perfrun.perfcollector <> - config: pc: 0
178 [127023418697408] INFO perfrun.perfcollector <> - config: umask: 2
178 [127023418697408] INFO perfrun.perfcollector <> - format: cpu_core/period=2000003,event=0xc2,umask=0x2,name='UOPS_RETIRED.SLOTS[CORE]'/
178 [127023418697408] INFO perfrun.perfcollector <> - precise event: event selector has no imprecise bit
178 [127023418697408] INFO perfrun.perfcollector <> - event: 46: TOPDOWN.SLOTS_P
178 [127023418697408] INFO perfrun.perfcollector <> - cccr: addr: 18c, value: 4004301a4
178 [127023418697408] INFO perfrun.perfcollector <> - data: addr: c7, value: ffffffffff67697d
178 [127023418697408] INFO perfrun.perfcollector <> - pebs_enable: f000000ff
178 [127023418697408] INFO perfrun.perfcollector <> - pmu config: cpu_core
178 [127023418697408] INFO perfrun.perfcollector <> - config: cmask: 0
178 [127023418697408] INFO perfrun.perfcollector <> - config: edge: 0
178 [127023418697408] INFO perfrun.perfcollector <> - config: event: a4
178 [127023418697408] INFO perfrun.perfcollector <> - config1: frontend: 0
178 [127023418697408] INFO perfrun.perfcollector <> - config: inv: 0
178 [127023418697408] INFO perfrun.perfcollector <> - config1: ldlat: 0
178 [127023418697408] INFO perfrun.perfcollector <> - config1: offcore_rsp: 0
178 [127023418697408] INFO perfrun.perfcollector <> - config: pc: 0
178 [127023418697408] INFO perfrun.perfcollector <> - config: umask: 1
178 [127023418697408] INFO perfrun.perfcollector <> - format: cpu_core/period=10000003,event=0xa4,umask=0x1,name='TOPDOWN.SLOTS_P[CORE]'/
178 [127023418697408] INFO perfrun.perfcollector <> - precise event: event selector has no imprecise bit
178 [127023418697408] INFO perfrun.perfcollector <> - event: 49: UOPS_EXECUTED.X87
178 [127023418697408] INFO perfrun.perfcollector <> - cccr: addr: 18d, value: 4004310b1
178 [127023418697408] INFO perfrun.perfcollector <> - data: addr: c8, value: ffffffffffe17b7d
178 [127023418697408] INFO perfrun.perfcollector <> - pebs_enable: f000000ff
178 [127023418697408] INFO perfrun.perfcollector <> - pmu config: cpu_core
178 [127023418697408] INFO perfrun.perfcollector <> - config: cmask: 0
178 [127023418697408] INFO perfrun.perfcollector <> - config: edge: 0
178 [127023418697408] INFO perfrun.perfcollector <> - config: event: b1
178 [127023418697408] INFO perfrun.perfcollector <> - config1: frontend: 0
178 [127023418697408] INFO perfrun.perfcollector <> - config: inv: 0
178 [127023418697408] INFO perfrun.perfcollector <> - config1: ldlat: 0
178 [127023418697408] INFO perfrun.perfcollector <> - config1: offcore_rsp: 0
178 [127023418697408] INFO perfrun.perfcollector <> - config: pc: 0
178 [127023418697408] INFO perfrun.perfcollector <> - config: umask: 10
178 [127023418697408] INFO perfrun.perfcollector <> - format: cpu_core/period=2000003,event=0xb1,umask=0x10,name='UOPS_EXECUTED.X87[CORE]'/
178 [127023418697408] INFO perfrun.perfcollector <> - precise event: event selector has no imprecise bit
178 [127023418697408] INFO perfrun.perfcollector <> - event: 50: UOPS_EXECUTED.THREAD
178 [127023418697408] INFO perfrun.perfcollector <> - cccr: addr: 186, value: 4004301b1
178 [127023418697408] INFO perfrun.perfcollector <> - data: addr: c1, value: ffffffffffe17b7d
178 [127023418697408] INFO perfrun.perfcollector <> - pebs_enable: f00000001
178 [127023418697408] INFO perfrun.perfcollector <> - pmu config: cpu_core
178 [127023418697408] INFO perfrun.perfcollector <> - config: cmask: 0
178 [127023418697408] INFO perfrun.perfcollector <> - config: edge: 0
178 [127023418697408] INFO perfrun.perfcollector <> - config: event: b1
178 [127023418697408] INFO perfrun.perfcollector <> - config1: frontend: 0
178 [127023418697408] INFO perfrun.perfcollector <> - config: inv: 0
178 [127023418697408] INFO perfrun.perfcollector <> - config1: ldlat: 0
178 [127023418697408] INFO perfrun.perfcollector <> - config1: offcore_rsp: 0
178 [127023418697408] INFO perfrun.perfcollector <> - config: pc: 0
178 [127023418697408] INFO perfrun.perfcollector <> - config: umask: 1
178 [127023418697408] INFO perfrun.perfcollector <> - format: cpu_core/period=2000003,event=0xb1,umask=0x1,name='UOPS_EXECUTED.THREAD[CORE]'/
178 [127023418697408] INFO perfrun.perfcollector <> - precise event: event selector has no imprecise bit
178 [127023418697408] INFO perfrun.perfcollector <> - event: 51: UNC_M_CAS_COUNT_RD
178 [127023418697408] INFO perfrun.perfcollector <> - cccr: addr: 101d0, value: 20022
178 [127023418697408] INFO perfrun.perfcollector <> - data: addr: 1d9e8, value: 0
178 [127023418697408] INFO perfrun.perfcollector <> - pmu config: uncore_imc_0
178 [127023418697408] INFO perfrun.perfcollector <> - config: chmask: 0
178 [127023418697408] INFO perfrun.perfcollector <> - config: edge: 0
178 [127023418697408] INFO perfrun.perfcollector <> - config: event: 22
178 [127023418697408] INFO perfrun.perfcollector <> - format: uncore_imc_0/period=0,event=0x22,name='UNC_M_CAS_COUNT_RD[UNIT0]'/
178 [127023418697408] INFO perfrun.perfcollector <> - event: 51: UNC_M_CAS_COUNT_RD
178 [127023418697408] INFO perfrun.perfcollector <> - cccr: addr: 101d0, value: 20022
178 [127023418697408] INFO perfrun.perfcollector <> - data: addr: 1d9e8, value: 0
178 [127023418697408] INFO perfrun.perfcollector <> - pmu config: uncore_imc_1
178 [127023418697408] INFO perfrun.perfcollector <> - config: chmask: 0
178 [127023418697408] INFO perfrun.perfcollector <> - config: edge: 0
178 [127023418697408] INFO perfrun.perfcollector <> - config: event: 22
178 [127023418697408] INFO perfrun.perfcollector <> - format: uncore_imc_1/period=0,event=0x22,name='UNC_M_CAS_COUNT_RD[UNIT1]'/
178 [127023418697408] INFO perfrun.perfcollector <> - event: 52: UNC_M_CAS_COUNT_WR
178 [127023418697408] INFO perfrun.perfcollector <> - cccr: addr: 101d4, value: 20023
178 [127023418697408] INFO perfrun.perfcollector <> - data: addr: 1d9f0, value: 0
178 [127023418697408] INFO perfrun.perfcollector <> - pmu config: uncore_imc_0
178 [127023418697408] INFO perfrun.perfcollector <> - config: chmask: 0
178 [127023418697408] INFO perfrun.perfcollector <> - config: edge: 0
178 [127023418697408] INFO perfrun.perfcollector <> - config: event: 23
178 [127023418697408] INFO perfrun.perfcollector <> - format: uncore_imc_0/period=0,event=0x23,name='UNC_M_CAS_COUNT_WR[UNIT0]'/
178 [127023418697408] INFO perfrun.perfcollector <> - event: 52: UNC_M_CAS_COUNT_WR
178 [127023418697408] INFO perfrun.perfcollector <> - cccr: addr: 101d4, value: 20023
178 [127023418697408] INFO perfrun.perfcollector <> - data: addr: 1d9f0, value: 0
178 [127023418697408] INFO perfrun.perfcollector <> - pmu config: uncore_imc_1
178 [127023418697408] INFO perfrun.perfcollector <> - config: chmask: 0
178 [127023418697408] INFO perfrun.perfcollector <> - config: edge: 0
178 [127023418697408] INFO perfrun.perfcollector <> - config: event: 23
178 [127023418697408] INFO perfrun.perfcollector <> - format: uncore_imc_1/period=0,event=0x23,name='UNC_M_CAS_COUNT_WR[UNIT1]'/
178 [127023418697408] INFO perfrun.perfcollector <> - event: cpu_atom/period=2500000,event=0xc0,name='INST_RETIRED.ANY[ATOM]'/Dukpp, added for sampling
178 [127023418697408] INFO perfrun.perfcollector <> - event: cpu_atom/period=2500000,event=0x3c,name='CPU_CLK_UNHALTED.THREAD[ATOM]'/Dukpp, added for sampling
178 [127023418697408] INFO perfrun.perfcollector <> - event: cpu_atom/period=2500000,umask=0x3,name='CPU_CLK_UNHALTED.REF_TSC[ATOM]'/Dukpp, added for sampling
178 [127023418697408] INFO perfrun.perfcollector <> - event: cpu_atom/period=2000003,event=0x3c,name='CPU_CLK_UNHALTED.THREAD_P[ATOM]'/ukpp, added for sampling
178 [127023418697408] INFO perfrun.perfcollector <> - event: cpu_atom/period=1000003,event=0x5,umask=0xf4,name='LD_HEAD.L1_BOUND_AT_RET[ATOM]'/ukpp, added for sampling
178 [127023418697408] INFO perfrun.perfcollector <> - event: cpu_atom/period=1000003,event=0x5,umask=0x2,name='LD_HEAD.WCB_FULL[ATOM]'/ukpp, added for sampling
178 [127023418697408] INFO perfrun.perfcollector <> - event: cpu_atom/period=200003,event=0x34,umask=0x7,name='MEM_BOUND_STALLS.LOAD[ATOM]'/ukpp, added for sampling
178 [127023418697408] INFO perfrun.perfcollector <> - event: cpu_atom/period=200003,event=0x34,umask=0x4,name='MEM_BOUND_STALLS.LOAD_DRAM_HIT[ATOM]'/ukpp, added for sampling
178 [127023418697408] INFO perfrun.perfcollector <> - event: cpu_atom/period=200003,event=0x34,umask=0x1,name='MEM_BOUND_STALLS.LOAD_L2_HIT[ATOM]'/ukpp, added for sampling
178 [127023418697408] INFO perfrun.perfcollector <> - event: cpu_atom/period=200003,event=0x34,umask=0x2,name='MEM_BOUND_STALLS.LOAD_LLC_HIT[ATOM]'/ukpp, added for sampling
178 [127023418697408] INFO perfrun.perfcollector <> - event: cpu_atom/period=20003,event=0x4,umask=0x7,name='MEM_SCHEDULER_BLOCK.ALL[ATOM]'/ukpp, added for sampling
178 [127023418697408] INFO perfrun.perfcollector <> - event: cpu_atom/period=20003,event=0x4,umask=0x1,name='MEM_SCHEDULER_BLOCK.ST_BUF[ATOM]'/ukpp, added for sampling
178 [127023418697408] INFO perfrun.perfcollector <> - event: cpu_atom/period=1000003,event=0x74,name='TOPDOWN_BE_BOUND.ALL[ATOM]'/ukpp, added for sampling
178 [127023418697408] INFO perfrun.perfcollector <> - event: cpu_atom/period=1000003,event=0x74,umask=0x1,name='TOPDOWN_BE_BOUND.ALLOC_RESTRICTIONS[ATOM]'/ukpp, added for sampling
178 [127023418697408] INFO perfrun.perfcollector <> - event: cpu_atom/period=1000003,event=0x74,umask=0x2,name='TOPDOWN_BE_BOUND.MEM_SCHEDULER[ATOM]'/ukpp, added for sampling
178 [127023418697408] INFO perfrun.perfcollector <> - event: cpu_atom/period=1000003,event=0x74,umask=0x10,name='TOPDOWN_BE_BOUND.SERIALIZATION[ATOM]'/ukpp, added for sampling
178 [127023418697408] INFO perfrun.perfcollector <> - event: cpu_atom/period=1000003,event=0x71,name='TOPDOWN_FE_BOUND.ALL[ATOM]'/ukpp, added for sampling
178 [127023418697408] INFO perfrun.perfcollector <> - event: cpu_atom/period=1000003,event=0xc2,name='TOPDOWN_RETIRING.ALL[ATOM]'/ukpp, added for sampling
178 [127023418697408] INFO perfrun.perfcollector <> - event: cpu_core/period=2500000,event=0xc0,name='INST_RETIRED.ANY[CORE]'/Dukppp, added for sampling
178 [127023418697408] INFO perfrun.perfcollector <> - event: cpu_core/period=2500000,event=0x3c,name='CPU_CLK_UNHALTED.THREAD[CORE]'/Dukpp, added for sampling
178 [127023418697408] INFO perfrun.perfcollector <> - event: cpu_core/period=2500000,umask=0x3,name='CPU_CLK_UNHALTED.REF_TSC[CORE]'/Dukpp, added for sampling
178 [127023418697408] INFO perfrun.perfcollector <> - event: cpu_core/period=10000003,umask=0x4,name='TOPDOWN.SLOTS[CORE]'/Dukpp, added for sampling
178 [127023418697408] INFO perfrun.perfcollector <> - event: cpu_core/period=1000003,cmask=0x3,event=0x47,umask=0x3,name='MEMORY_ACTIVITY.STALLS_L1D_MISS[CORE]'/ukpp, added for sampling
178 [127023418697408] INFO perfrun.perfcollector <> - event: cpu_core/period=1000003,cmask=0x5,event=0x47,umask=0x5,name='MEMORY_ACTIVITY.STALLS_L2_MISS[CORE]'/ukpp, added for sampling
178 [127023418697408] INFO perfrun.perfcollector <> - event: cpu_core/period=1000003,cmask=0x9,event=0x47,umask=0x9,name='MEMORY_ACTIVITY.STALLS_L3_MISS[CORE]'/ukpp, added for sampling
178 [127023418697408] INFO perfrun.perfcollector <> - event: cpu_core/period=1000003,event=0xd1,umask=0x1,name='MEM_LOAD_RETIRED.L1_HIT[CORE]'/ukpp, added for sampling
178 [127023418697408] INFO perfrun.perfcollector <> - event: cpu_core/period=2500000,event=0xec,umask=0x2,name='CPU_CLK_UNHALTED.DISTRIBUTED[CORE]'/ukpp, added for sampling
178 [127023418697408] INFO perfrun.perfcollector <> - event: cpu_core/period=2000003,event=0x3c,name='CPU_CLK_UNHALTED.THREAD_P[CORE]'/ukpp, added for sampling
178 [127023418697408] INFO perfrun.perfcollector <> - event: cpu_core/period=2000003,cmask=0x5,event=0xa6,umask=0x21,name='EXE_ACTIVITY.BOUND_ON_LOADS[CORE]'/ukpp, added for sampling
178 [127023418697408] INFO perfrun.perfcollector <> - event: cpu_core/period=2000003,event=0xb3,umask=0x1,name='FP_ARITH_DISPATCHED.PORT_0[CORE]'/ukpp, added for sampling
178 [127023418697408] INFO perfrun.perfcollector <> - event: cpu_core/period=200003,event=0xd1,umask=0x2,name='MEM_LOAD_RETIRED.L2_HIT[CORE]'/ukpp, added for sampling
178 [127023418697408] INFO perfrun.perfcollector <> - event: cpu_core/period=100021,event=0xd1,umask=0x4,name='MEM_LOAD_RETIRED.L3_HIT[CORE]'/ukpp, added for sampling
178 [127023418697408] INFO perfrun.perfcollector <> - event: cpu_core/period=50021,event=0xd1,umask=0x20,name='MEM_LOAD_RETIRED.L3_MISS[CORE]'/ukpp, added for sampling
178 [127023418697408] INFO perfrun.perfcollector <> - event: cpu_core/period=100003,event=0xd0,umask=0x82,name='MEM_INST_RETIRED.ALL_STORES[CORE]'/ukpp, added for sampling
178 [127023418697408] INFO perfrun.perfcollector <> - event: cpu_core/period=2000003,event=0xb3,umask=0x2,name='FP_ARITH_DISPATCHED.PORT_1[CORE]'/ukpp, added for sampling
178 [127023418697408] INFO perfrun.perfcollector <> - event: cpu_core/period=2000003,event=0xb3,umask=0x4,name='FP_ARITH_DISPATCHED.PORT_5[CORE]'/ukpp, added for sampling
178 [127023418697408] INFO perfrun.perfcollector <> - event: cpu_core/period=2000003,event=0xc7,umask=0x4,name='FP_ARITH_INST_RETIRED.128B_PACKED_DOUBLE[CORE]'/ukpp, added for sampling
178 [127023418697408] INFO perfrun.perfcollector <> - event: cpu_core/period=2000003,event=0xc7,umask=0x8,name='FP_ARITH_INST_RETIRED.128B_PACKED_SINGLE[CORE]'/ukpp, added for sampling
178 [127023418697408] INFO perfrun.perfcollector <> - event: cpu_core/period=100003,event=0xd0,umask=0x81,name='MEM_INST_RETIRED.ALL_LOADS[CORE]'/ukpp, added for sampling
178 [127023418697408] INFO perfrun.perfcollector <> - event: cpu_core/period=2000003,event=0xc7,umask=0x10,name='FP_ARITH_INST_RETIRED.256B_PACKED_DOUBLE[CORE]'/ukpp, added for sampling
178 [127023418697408] INFO perfrun.perfcollector <> - event: cpu_core/period=2000003,event=0xc7,umask=0x20,name='FP_ARITH_INST_RETIRED.256B_PACKED_SINGLE[CORE]'/ukpp, added for sampling
178 [127023418697408] INFO perfrun.perfcollector <> - event: cpu_core/period=100003,event=0xc7,umask=0x18,name='FP_ARITH_INST_RETIRED.4_FLOPS[CORE]'/ukpp, added for sampling
178 [127023418697408] INFO perfrun.perfcollector <> - event: cpu_core/period=1000003,event=0xc7,umask=0x3,name='FP_ARITH_INST_RETIRED.SCALAR[CORE]'/ukpp, added for sampling
178 [127023418697408] INFO perfrun.perfcollector <> - event: cpu_core/period=2000003,event=0xc7,umask=0x1,name='FP_ARITH_INST_RETIRED.SCALAR_DOUBLE[CORE]'/ukpp, added for sampling
178 [127023418697408] INFO perfrun.perfcollector <> - event: cpu_core/period=2000003,event=0xc7,umask=0x2,name='FP_ARITH_INST_RETIRED.SCALAR_SINGLE[CORE]'/ukpp, added for sampling
178 [127023418697408] INFO perfrun.perfcollector <> - event: cpu_core/period=1000003,event=0xc7,umask=0xfc,name='FP_ARITH_INST_RETIRED.VECTOR[CORE]'/ukpp, added for sampling
178 [127023418697408] INFO perfrun.perfcollector <> - event: cpu_core/period=100007,event=0xc6,frontend=0x600406,umask=0x1,name='FRONTEND_RETIRED.LATENCY_GE_4[CORE]'/ukpp, added for sampling
178 [127023418697408] INFO perfrun.perfcollector <> - event: cpu_core/period=1000003,event=0x9c,umask=0x1,name='IDQ_BUBBLES.CORE[CORE]'/ukpp, added for sampling
178 [127023418697408] INFO perfrun.perfcollector <> - event: cpu_core/period=1000003,event=0xad,umask=0x10,name='INT_MISC.UOP_DROPPING[CORE]'/ukpp, added for sampling
178 [127023418697408] INFO perfrun.perfcollector <> - event: cpu_core/period=10000003,event=0xa4,umask=0x2,name='TOPDOWN.BACKEND_BOUND_SLOTS[CORE]'/ukpp, added for sampling
178 [127023418697408] INFO perfrun.perfcollector <> - event: cpu_core/period=10000003,event=0xa4,umask=0x10,name='TOPDOWN.MEMORY_BOUND_SLOTS[CORE]'/ukpp, added for sampling
178 [127023418697408] INFO perfrun.perfcollector <> - event: cpu_core/period=2000003,event=0xc2,umask=0x2,name='UOPS_RETIRED.SLOTS[CORE]'/ukpp, added for sampling
178 [127023418697408] INFO perfrun.perfcollector <> - event: cpu_core/period=10000003,event=0xa4,umask=0x1,name='TOPDOWN.SLOTS_P[CORE]'/ukpp, added for sampling
178 [127023418697408] INFO perfrun.perfcollector <> - event: cpu_core/period=2000003,event=0xb1,umask=0x10,name='UOPS_EXECUTED.X87[CORE]'/ukpp, added for sampling
178 [127023418697408] INFO perfrun.perfcollector <> - event: cpu_core/period=2000003,event=0xb1,umask=0x1,name='UOPS_EXECUTED.THREAD[CORE]'/ukpp, added for sampling
178 [127023418697408] INFO perfrun.perfcollector <> - event: uncore_imc_0/period=0,event=0x22,name='UNC_M_CAS_COUNT_RD[UNIT0]'/, added for counting
178 [127023418697408] INFO perfrun.perfcollector <> - event: uncore_imc_1/period=0,event=0x22,name='UNC_M_CAS_COUNT_RD[UNIT1]'/, added for counting
178 [127023418697408] INFO perfrun.perfcollector <> - event: uncore_imc_0/period=0,event=0x23,name='UNC_M_CAS_COUNT_WR[UNIT0]'/, added for counting
178 [127023418697408] INFO perfrun.perfcollector <> - event: uncore_imc_1/period=0,event=0x23,name='UNC_M_CAS_COUNT_WR[UNIT1]'/, added for counting
178 [127023418697408] INFO perfrun.perfcollector <> - attaching to pid: 4294967295, m_mode: 30, mode: 3
178 [127023410304704] INFO perfrun.perfcollector <> - Perf stat trace pipe capacity: read = 1048576, write = 1048576
178 [127023401912000] INFO perfrun.sdk <> - Reading value (0,2,4,6,8-11) from file: /sys/devices/system/cpu/cpu0/topology/core_siblings_list
178 [127023401912000] INFO perfrun.sdk <> - Reading value (0) from file: /sys/devices/system/cpu/cpu0/topology/thread_siblings_list
178 [127023401912000] ERROR perfrun.sdk <> - boost::filesystem::exists(filename) 'gh2::error::IsNot.Valid.File(filename):/sys/devices/system/cpu/cpu1/topology/core_siblings_list'
_sdks/release_posix-x86_64_icx_2023.0.0_gnutools_9.2_binutils_2.28/perfrun_1.37.23/include/perfrun1/sdk/utils.hpp(788): gh2::error_code_t runtool::sdk::loadFileValue(RetType &, const cpil2::uchar_t *) [RetType = std::basic_string<char>]
, at file: _sdks/release_posix-x86_64_icx_2023.0.0_gnutools_9.2_binutils_2.28/perfrun_1.37.23/include/perfrun1/sdk/utils.hpp:788
178 [127023401912000] ERROR perfrun.sdk <> - boost::filesystem::exists(filename) 'gh2::error::IsNot.Valid.File(filename):/sys/devices/system/cpu/cpu1/topology/thread_siblings_list'
_sdks/release_posix-x86_64_icx_2023.0.0_gnutools_9.2_binutils_2.28/perfrun_1.37.23/include/perfrun1/sdk/utils.hpp(788): gh2::error_code_t runtool::sdk::loadFileValue(RetType &, const cpil2::uchar_t *) [RetType = std::basic_string<char>]
, at file: _sdks/release_posix-x86_64_icx_2023.0.0_gnutools_9.2_binutils_2.28/perfrun_1.37.23/include/perfrun1/sdk/utils.hpp:788
178 [127023401912000] INFO perfrun.sdk <> - Reading value (0,2,4,6,8-11) from file: /sys/devices/system/cpu/cpu2/topology/core_siblings_list
178 [127023401912000] INFO perfrun.sdk <> - Reading value (2) from file: /sys/devices/system/cpu/cpu2/topology/thread_siblings_list
178 [127023401912000] ERROR perfrun.sdk <> - boost::filesystem::exists(filename) 'gh2::error::IsNot.Valid.File(filename):/sys/devices/system/cpu/cpu3/topology/core_siblings_list'
_sdks/release_posix-x86_64_icx_2023.0.0_gnutools_9.2_binutils_2.28/perfrun_1.37.23/include/perfrun1/sdk/utils.hpp(788): gh2::error_code_t runtool::sdk::loadFileValue(RetType &, const cpil2::uchar_t *) [RetType = std::basic_string<char>]
, at file: _sdks/release_posix-x86_64_icx_2023.0.0_gnutools_9.2_binutils_2.28/perfrun_1.37.23/include/perfrun1/sdk/utils.hpp:788
178 [127023401912000] ERROR perfrun.sdk <> - boost::filesystem::exists(filename) 'gh2::error::IsNot.Valid.File(filename):/sys/devices/system/cpu/cpu3/topology/thread_siblings_list'
_sdks/release_posix-x86_64_icx_2023.0.0_gnutools_9.2_binutils_2.28/perfrun_1.37.23/include/perfrun1/sdk/utils.hpp(788): gh2::error_code_t runtool::sdk::loadFileValue(RetType &, const cpil2::uchar_t *) [RetType = std::basic_string<char>]
, at file: _sdks/release_posix-x86_64_icx_2023.0.0_gnutools_9.2_binutils_2.28/perfrun_1.37.23/include/perfrun1/sdk/utils.hpp:788
178 [127023401912000] INFO perfrun.sdk <> - Reading value (0,2,4,6,8-11) from file: /sys/devices/system/cpu/cpu4/topology/core_siblings_list
178 [127023401912000] INFO perfrun.sdk <> - Reading value (4) from file: /sys/devices/system/cpu/cpu4/topology/thread_siblings_list
178 [127023401912000] ERROR perfrun.sdk <> - boost::filesystem::exists(filename) 'gh2::error::IsNot.Valid.File(filename):/sys/devices/system/cpu/cpu5/topology/core_siblings_list'
_sdks/release_posix-x86_64_icx_2023.0.0_gnutools_9.2_binutils_2.28/perfrun_1.37.23/include/perfrun1/sdk/utils.hpp(788): gh2::error_code_t runtool::sdk::loadFileValue(RetType &, const cpil2::uchar_t *) [RetType = std::basic_string<char>]
, at file: _sdks/release_posix-x86_64_icx_2023.0.0_gnutools_9.2_binutils_2.28/perfrun_1.37.23/include/perfrun1/sdk/utils.hpp:788
178 [127023401912000] ERROR perfrun.sdk <> - boost::filesystem::exists(filename) 'gh2::error::IsNot.Valid.File(filename):/sys/devices/system/cpu/cpu5/topology/thread_siblings_list'
_sdks/release_posix-x86_64_icx_2023.0.0_gnutools_9.2_binutils_2.28/perfrun_1.37.23/include/perfrun1/sdk/utils.hpp(788): gh2::error_code_t runtool::sdk::loadFileValue(RetType &, const cpil2::uchar_t *) [RetType = std::basic_string<char>]
, at file: _sdks/release_posix-x86_64_icx_2023.0.0_gnutools_9.2_binutils_2.28/perfrun_1.37.23/include/perfrun1/sdk/utils.hpp:788
178 [127023401912000] INFO perfrun.sdk <> - Reading value (0,2,4,6,8-11) from file: /sys/devices/system/cpu/cpu6/topology/core_siblings_list
178 [127023401912000] INFO perfrun.sdk <> - Reading value (6) from file: /sys/devices/system/cpu/cpu6/topology/thread_siblings_list
178 [127023401912000] ERROR perfrun.sdk <> - boost::filesystem::exists(filename) 'gh2::error::IsNot.Valid.File(filename):/sys/devices/system/cpu/cpu7/topology/core_siblings_list'
_sdks/release_posix-x86_64_icx_2023.0.0_gnutools_9.2_binutils_2.28/perfrun_1.37.23/include/perfrun1/sdk/utils.hpp(788): gh2::error_code_t runtool::sdk::loadFileValue(RetType &, const cpil2::uchar_t *) [RetType = std::basic_string<char>]
, at file: _sdks/release_posix-x86_64_icx_2023.0.0_gnutools_9.2_binutils_2.28/perfrun_1.37.23/include/perfrun1/sdk/utils.hpp:788
178 [127023401912000] ERROR perfrun.sdk <> - boost::filesystem::exists(filename) 'gh2::error::IsNot.Valid.File(filename):/sys/devices/system/cpu/cpu7/topology/thread_siblings_list'
_sdks/release_posix-x86_64_icx_2023.0.0_gnutools_9.2_binutils_2.28/perfrun_1.37.23/include/perfrun1/sdk/utils.hpp(788): gh2::error_code_t runtool::sdk::loadFileValue(RetType &, const cpil2::uchar_t *) [RetType = std::basic_string<char>]
, at file: _sdks/release_posix-x86_64_icx_2023.0.0_gnutools_9.2_binutils_2.28/perfrun_1.37.23/include/perfrun1/sdk/utils.hpp:788
178 [127023401912000] INFO perfrun.sdk <> - Reading value (0,2,4,6,8-11) from file: /sys/devices/system/cpu/cpu8/topology/core_siblings_list
178 [127023401912000] INFO perfrun.sdk <> - Reading value (8) from file: /sys/devices/system/cpu/cpu8/topology/thread_siblings_list
178 [127023401912000] INFO perfrun.sdk <> - Reading value (0,2,4,6,8-11) from file: /sys/devices/system/cpu/cpu9/topology/core_siblings_list
178 [127023401912000] INFO perfrun.sdk <> - Reading value (9) from file: /sys/devices/system/cpu/cpu9/topology/thread_siblings_list
179 [127023401912000] INFO perfrun.sdk <> - Reading value (0,2,4,6,8-11) from file: /sys/devices/system/cpu/cpu10/topology/core_siblings_list
179 [127023401912000] INFO perfrun.sdk <> - Reading value (10) from file: /sys/devices/system/cpu/cpu10/topology/thread_siblings_list
179 [127023401912000] INFO perfrun.sdk <> - Reading value (0,2,4,6,8-11) from file: /sys/devices/system/cpu/cpu11/topology/core_siblings_list
179 [127023401912000] INFO perfrun.sdk <> - Reading value (11) from file: /sys/devices/system/cpu/cpu11/topology/thread_siblings_list
179 [127023401912000] INFO perfrun.sdk <> - Reading value (0,2,4,6) from file: /sys/bus/event_source/devices/cpu_core/cpus
179 [127023401912000] INFO perfrun.sdk <> - Reading value (8-11) from file: /sys/bus/event_source/devices/cpu_atom/cpus
179 [127023410304704] INFO perfrun.sdk <> - runCmd: /home/fabs/intel/oneapi/vtune/2026.0/bin64/amplxe-perf stat -v --log-fd 11 -I 10 -A --scale -x ; -a -e uncore_imc_0/period=0,event=0x22,name='UNC_M_CAS_COUNT_RD[UNIT0]'/,uncore_imc_1/period=0,event=0x22,name='UNC_M_CAS_COUNT_RD[UNIT1]'/,uncore_imc_0/period=0,event=0x23,name='UNC_M_CAS_COUNT_WR[UNIT0]'/,uncore_imc_1/period=0,event=0x23,name='UNC_M_CAS_COUNT_WR[UNIT1]'/ /home/fabs/intel/oneapi/vtune/2026.0/bin64/amplxe-perf-sync dryrun tsc
179 [127023410304704] INFO perfrun.sdk <> - runCmd started PID 48431
184 [127023410304704] INFO perfrun.perfcollector <> - Monitor: runCmd RC = true
184 [127023401912000] INFO perfrun.sdk <> - runCmd: /home/fabs/intel/oneapi/vtune/2026.0/bin64/amplxe-perf record -v -o /home/fabs/Github/kmartinez_fmelendez_jserracin_a2-2026-s1/proyecto_2/models/r001hpc/data.0/temp.dryrun.perf -N -B -T --sample-cpu -a --compression-level=1 --clockid=CLOCK_MONOTONIC_RAW -e cpu_atom/period=2500000,event=0xc0,name='INST_RETIRED.ANY[ATOM]'/Dukpp,cpu_atom/period=2500000,event=0x3c,name='CPU_CLK_UNHALTED.THREAD[ATOM]'/Dukpp,cpu_atom/period=2500000,umask=0x3,name='CPU_CLK_UNHALTED.REF_TSC[ATOM]'/Dukpp,cpu_atom/period=2000003,event=0x3c,name='CPU_CLK_UNHALTED.THREAD_P[ATOM]'/ukpp,cpu_atom/period=1000003,event=0x5,umask=0xf4,name='LD_HEAD.L1_BOUND_AT_RET[ATOM]'/ukpp,cpu_atom/period=1000003,event=0x5,umask=0x2,name='LD_HEAD.WCB_FULL[ATOM]'/ukpp,cpu_atom/period=200003,event=0x34,umask=0x7,name='MEM_BOUND_STALLS.LOAD[ATOM]'/ukpp,cpu_atom/period=200003,event=0x34,umask=0x4,name='MEM_BOUND_STALLS.LOAD_DRAM_HIT[ATOM]'/ukpp,cpu_atom/period=200003,event=0x34,umask=0x1,name='MEM_BOUND_STALLS.LOAD_L2_HIT[ATOM]'/ukpp,cpu_atom/period=200003,event=0x34,umask=0x2,name='MEM_BOUND_STALLS.LOAD_LLC_HIT[ATOM]'/ukpp,cpu_atom/period=20003,event=0x4,umask=0x7,name='MEM_SCHEDULER_BLOCK.ALL[ATOM]'/ukpp,cpu_atom/period=20003,event=0x4,umask=0x1,name='MEM_SCHEDULER_BLOCK.ST_BUF[ATOM]'/ukpp,cpu_atom/period=1000003,event=0x74,name='TOPDOWN_BE_BOUND.ALL[ATOM]'/ukpp,cpu_atom/period=1000003,event=0x74,umask=0x1,name='TOPDOWN_BE_BOUND.ALLOC_RESTRICTIONS[ATOM]'/ukpp,cpu_atom/period=1000003,event=0x74,umask=0x2,name='TOPDOWN_BE_BOUND.MEM_SCHEDULER[ATOM]'/ukpp,cpu_atom/period=1000003,event=0x74,umask=0x10,name='TOPDOWN_BE_BOUND.SERIALIZATION[ATOM]'/ukpp,cpu_atom/period=1000003,event=0x71,name='TOPDOWN_FE_BOUND.ALL[ATOM]'/ukpp,cpu_atom/period=1000003,event=0xc2,name='TOPDOWN_RETIRING.ALL[ATOM]'/ukpp,cpu_core/period=2500000,event=0xc0,name='INST_RETIRED.ANY[CORE]'/Dukppp,cpu_core/period=2500000,event=0x3c,name='CPU_CLK_UNHALTED.THREAD[CORE]'/Dukpp,cpu_core/period=2500000,umask=0x3,name='CPU_CLK_UNHALTED.REF_TSC[CORE]'/Dukpp,cpu_core/period=10000003,umask=0x4,name='TOPDOWN.SLOTS[CORE]'/Dukpp,cpu_core/period=1000003,cmask=0x3,event=0x47,umask=0x3,name='MEMORY_ACTIVITY.STALLS_L1D_MISS[CORE]'/ukpp,cpu_core/period=1000003,cmask=0x5,event=0x47,umask=0x5,name='MEMORY_ACTIVITY.STALLS_L2_MISS[CORE]'/ukpp,cpu_core/period=1000003,cmask=0x9,event=0x47,umask=0x9,name='MEMORY_ACTIVITY.STALLS_L3_MISS[CORE]'/ukpp,cpu_core/period=1000003,event=0xd1,umask=0x1,name='MEM_LOAD_RETIRED.L1_HIT[CORE]'/ukpp,cpu_core/period=2500000,event=0xec,umask=0x2,name='CPU_CLK_UNHALTED.DISTRIBUTED[CORE]'/ukpp,cpu_core/period=2000003,event=0x3c,name='CPU_CLK_UNHALTED.THREAD_P[CORE]'/ukpp,cpu_core/period=2000003,cmask=0x5,event=0xa6,umask=0x21,name='EXE_ACTIVITY.BOUND_ON_LOADS[CORE]'/ukpp,cpu_core/period=2000003,event=0xb3,umask=0x1,name='FP_ARITH_DISPATCHED.PORT_0[CORE]'/ukpp,cpu_core/period=200003,event=0xd1,umask=0x2,name='MEM_LOAD_RETIRED.L2_HIT[CORE]'/ukpp,cpu_core/period=100021,event=0xd1,umask=0x4,name='MEM_LOAD_RETIRED.L3_HIT[CORE]'/ukpp,cpu_core/period=50021,event=0xd1,umask=0x20,name='MEM_LOAD_RETIRED.L3_MISS[CORE]'/ukpp,cpu_core/period=100003,event=0xd0,umask=0x82,name='MEM_INST_RETIRED.ALL_STORES[CORE]'/ukpp,cpu_core/period=2000003,event=0xb3,umask=0x2,name='FP_ARITH_DISPATCHED.PORT_1[CORE]'/ukpp,cpu_core/period=2000003,event=0xb3,umask=0x4,name='FP_ARITH_DISPATCHED.PORT_5[CORE]'/ukpp,cpu_core/period=2000003,event=0xc7,umask=0x4,name='FP_ARITH_INST_RETIRED.128B_PACKED_DOUBLE[CORE]'/ukpp,cpu_core/period=2000003,event=0xc7,umask=0x8,name='FP_ARITH_INST_RETIRED.128B_PACKED_SINGLE[CORE]'/ukpp,cpu_core/period=100003,event=0xd0,umask=0x81,name='MEM_INST_RETIRED.ALL_LOADS[CORE]'/ukpp,cpu_core/period=2000003,event=0xc7,umask=0x10,name='FP_ARITH_INST_RETIRED.256B_PACKED_DOUBLE[CORE]'/ukpp,cpu_core/period=2000003,event=0xc7,umask=0x20,name='FP_ARITH_INST_RETIRED.256B_PACKED_SINGLE[CORE]'/ukpp,cpu_core/period=100003,event=0xc7,umask=0x18,name='FP_ARITH_INST_RETIRED.4_FLOPS[CORE]'/ukpp,cpu_core/period=1000003,event=0xc7,umask=0x3,name='FP_ARITH_INST_RETIRED.SCALAR[CORE]'/ukpp,cpu_core/period=2000003,event=0xc7,umask=0x1,name='FP_ARITH_INST_RETIRED.SCALAR_DOUBLE[CORE]'/ukpp,cpu_core/period=2000003,event=0xc7,umask=0x2,name='FP_ARITH_INST_RETIRED.SCALAR_SINGLE[CORE]'/ukpp,cpu_core/period=1000003,event=0xc7,umask=0xfc,name='FP_ARITH_INST_RETIRED.VECTOR[CORE]'/ukpp,cpu_core/period=100007,event=0xc6,frontend=0x600406,umask=0x1,name='FRONTEND_RETIRED.LATENCY_GE_4[CORE]'/ukpp,cpu_core/period=1000003,event=0x9c,umask=0x1,name='IDQ_BUBBLES.CORE[CORE]'/ukpp,cpu_core/period=1000003,event=0xad,umask=0x10,name='INT_MISC.UOP_DROPPING[CORE]'/ukpp,cpu_core/period=10000003,event=0xa4,umask=0x2,name='TOPDOWN.BACKEND_BOUND_SLOTS[CORE]'/ukpp,cpu_core/period=10000003,event=0xa4,umask=0x10,name='TOPDOWN.MEMORY_BOUND_SLOTS[CORE]'/ukpp,cpu_core/period=2000003,event=0xc2,umask=0x2,name='UOPS_RETIRED.SLOTS[CORE]'/ukpp,cpu_core/period=10000003,event=0xa4,umask=0x1,name='TOPDOWN.SLOTS_P[CORE]'/ukpp,cpu_core/period=2000003,event=0xb1,umask=0x10,name='UOPS_EXECUTED.X87[CORE]'/ukpp,cpu_core/period=2000003,event=0xb1,umask=0x1,name='UOPS_EXECUTED.THREAD[CORE]'/ukpp /home/fabs/intel/oneapi/vtune/2026.0/bin64/amplxe-perf-sync dryrun tsc
185 [127023401912000] INFO perfrun.sdk <> - runCmd started PID 48434
438 [127023401912000] INFO perfrun.perfcollector <> - Monitor: runCmd RC = true
438 [127023418697408] INFO perfrun.perfcollector <> - attaching to pid: 4294967295, m_mode: 30, mode: 6
438 [127023188014784] INFO perfrun.perfcollector <> - Perf stat trace pipe capacity: read = 1048576, write = 1048576
438 [127023410304704] INFO perfrun.sdk <> - Reading value (0,2,4,6,8-11) from file: /sys/devices/system/cpu/cpu0/topology/core_siblings_list
438 [127023410304704] INFO perfrun.sdk <> - Reading value (0) from file: /sys/devices/system/cpu/cpu0/topology/thread_siblings_list
438 [127023410304704] ERROR perfrun.sdk <> - boost::filesystem::exists(filename) 'gh2::error::IsNot.Valid.File(filename):/sys/devices/system/cpu/cpu1/topology/core_siblings_list'
_sdks/release_posix-x86_64_icx_2023.0.0_gnutools_9.2_binutils_2.28/perfrun_1.37.23/include/perfrun1/sdk/utils.hpp(788): gh2::error_code_t runtool::sdk::loadFileValue(RetType &, const cpil2::uchar_t *) [RetType = std::basic_string<char>]
, at file: _sdks/release_posix-x86_64_icx_2023.0.0_gnutools_9.2_binutils_2.28/perfrun_1.37.23/include/perfrun1/sdk/utils.hpp:788
438 [127023410304704] ERROR perfrun.sdk <> - boost::filesystem::exists(filename) 'gh2::error::IsNot.Valid.File(filename):/sys/devices/system/cpu/cpu1/topology/thread_siblings_list'
_sdks/release_posix-x86_64_icx_2023.0.0_gnutools_9.2_binutils_2.28/perfrun_1.37.23/include/perfrun1/sdk/utils.hpp(788): gh2::error_code_t runtool::sdk::loadFileValue(RetType &, const cpil2::uchar_t *) [RetType = std::basic_string<char>]
, at file: _sdks/release_posix-x86_64_icx_2023.0.0_gnutools_9.2_binutils_2.28/perfrun_1.37.23/include/perfrun1/sdk/utils.hpp:788
438 [127023410304704] INFO perfrun.sdk <> - Reading value (0,2,4,6,8-11) from file: /sys/devices/system/cpu/cpu2/topology/core_siblings_list
438 [127023410304704] INFO perfrun.sdk <> - Reading value (2) from file: /sys/devices/system/cpu/cpu2/topology/thread_siblings_list
438 [127023410304704] ERROR perfrun.sdk <> - boost::filesystem::exists(filename) 'gh2::error::IsNot.Valid.File(filename):/sys/devices/system/cpu/cpu3/topology/core_siblings_list'
_sdks/release_posix-x86_64_icx_2023.0.0_gnutools_9.2_binutils_2.28/perfrun_1.37.23/include/perfrun1/sdk/utils.hpp(788): gh2::error_code_t runtool::sdk::loadFileValue(RetType &, const cpil2::uchar_t *) [RetType = std::basic_string<char>]
, at file: _sdks/release_posix-x86_64_icx_2023.0.0_gnutools_9.2_binutils_2.28/perfrun_1.37.23/include/perfrun1/sdk/utils.hpp:788
438 [127023410304704] ERROR perfrun.sdk <> - boost::filesystem::exists(filename) 'gh2::error::IsNot.Valid.File(filename):/sys/devices/system/cpu/cpu3/topology/thread_siblings_list'
_sdks/release_posix-x86_64_icx_2023.0.0_gnutools_9.2_binutils_2.28/perfrun_1.37.23/include/perfrun1/sdk/utils.hpp(788): gh2::error_code_t runtool::sdk::loadFileValue(RetType &, const cpil2::uchar_t *) [RetType = std::basic_string<char>]
, at file: _sdks/release_posix-x86_64_icx_2023.0.0_gnutools_9.2_binutils_2.28/perfrun_1.37.23/include/perfrun1/sdk/utils.hpp:788
438 [127023410304704] INFO perfrun.sdk <> - Reading value (0,2,4,6,8-11) from file: /sys/devices/system/cpu/cpu4/topology/core_siblings_list
438 [127023410304704] INFO perfrun.sdk <> - Reading value (4) from file: /sys/devices/system/cpu/cpu4/topology/thread_siblings_list
438 [127023410304704] ERROR perfrun.sdk <> - boost::filesystem::exists(filename) 'gh2::error::IsNot.Valid.File(filename):/sys/devices/system/cpu/cpu5/topology/core_siblings_list'
_sdks/release_posix-x86_64_icx_2023.0.0_gnutools_9.2_binutils_2.28/perfrun_1.37.23/include/perfrun1/sdk/utils.hpp(788): gh2::error_code_t runtool::sdk::loadFileValue(RetType &, const cpil2::uchar_t *) [RetType = std::basic_string<char>]
, at file: _sdks/release_posix-x86_64_icx_2023.0.0_gnutools_9.2_binutils_2.28/perfrun_1.37.23/include/perfrun1/sdk/utils.hpp:788
438 [127023410304704] ERROR perfrun.sdk <> - boost::filesystem::exists(filename) 'gh2::error::IsNot.Valid.File(filename):/sys/devices/system/cpu/cpu5/topology/thread_siblings_list'
_sdks/release_posix-x86_64_icx_2023.0.0_gnutools_9.2_binutils_2.28/perfrun_1.37.23/include/perfrun1/sdk/utils.hpp(788): gh2::error_code_t runtool::sdk::loadFileValue(RetType &, const cpil2::uchar_t *) [RetType = std::basic_string<char>]
, at file: _sdks/release_posix-x86_64_icx_2023.0.0_gnutools_9.2_binutils_2.28/perfrun_1.37.23/include/perfrun1/sdk/utils.hpp:788
438 [127023410304704] INFO perfrun.sdk <> - Reading value (0,2,4,6,8-11) from file: /sys/devices/system/cpu/cpu6/topology/core_siblings_list
438 [127023410304704] INFO perfrun.sdk <> - Reading value (6) from file: /sys/devices/system/cpu/cpu6/topology/thread_siblings_list
438 [127023410304704] ERROR perfrun.sdk <> - boost::filesystem::exists(filename) 'gh2::error::IsNot.Valid.File(filename):/sys/devices/system/cpu/cpu7/topology/core_siblings_list'
_sdks/release_posix-x86_64_icx_2023.0.0_gnutools_9.2_binutils_2.28/perfrun_1.37.23/include/perfrun1/sdk/utils.hpp(788): gh2::error_code_t runtool::sdk::loadFileValue(RetType &, const cpil2::uchar_t *) [RetType = std::basic_string<char>]
, at file: _sdks/release_posix-x86_64_icx_2023.0.0_gnutools_9.2_binutils_2.28/perfrun_1.37.23/include/perfrun1/sdk/utils.hpp:788
438 [127023410304704] ERROR perfrun.sdk <> - boost::filesystem::exists(filename) 'gh2::error::IsNot.Valid.File(filename):/sys/devices/system/cpu/cpu7/topology/thread_siblings_list'
_sdks/release_posix-x86_64_icx_2023.0.0_gnutools_9.2_binutils_2.28/perfrun_1.37.23/include/perfrun1/sdk/utils.hpp(788): gh2::error_code_t runtool::sdk::loadFileValue(RetType &, const cpil2::uchar_t *) [RetType = std::basic_string<char>]
, at file: _sdks/release_posix-x86_64_icx_2023.0.0_gnutools_9.2_binutils_2.28/perfrun_1.37.23/include/perfrun1/sdk/utils.hpp:788
438 [127023410304704] INFO perfrun.sdk <> - Reading value (0,2,4,6,8-11) from file: /sys/devices/system/cpu/cpu8/topology/core_siblings_list
438 [127023410304704] INFO perfrun.sdk <> - Reading value (8) from file: /sys/devices/system/cpu/cpu8/topology/thread_siblings_list
438 [127023410304704] INFO perfrun.sdk <> - Reading value (0,2,4,6,8-11) from file: /sys/devices/system/cpu/cpu9/topology/core_siblings_list
438 [127023410304704] INFO perfrun.sdk <> - Reading value (9) from file: /sys/devices/system/cpu/cpu9/topology/thread_siblings_list
438 [127023410304704] INFO perfrun.sdk <> - Reading value (0,2,4,6,8-11) from file: /sys/devices/system/cpu/cpu10/topology/core_siblings_list
439 [127023410304704] INFO perfrun.sdk <> - Reading value (10) from file: /sys/devices/system/cpu/cpu10/topology/thread_siblings_list
439 [127023410304704] INFO perfrun.sdk <> - Reading value (0,2,4,6,8-11) from file: /sys/devices/system/cpu/cpu11/topology/core_siblings_list
439 [127023410304704] INFO perfrun.sdk <> - Reading value (11) from file: /sys/devices/system/cpu/cpu11/topology/thread_siblings_list
439 [127023410304704] INFO perfrun.sdk <> - Reading value (0,2,4,6) from file: /sys/bus/event_source/devices/cpu_core/cpus
439 [127023410304704] INFO perfrun.sdk <> - Reading value (8-11) from file: /sys/bus/event_source/devices/cpu_atom/cpus
439 [127023188014784] INFO perfrun.sdk <> - runCmd: /home/fabs/intel/oneapi/vtune/2026.0/bin64/amplxe-perf stat -v --log-fd 11 -I 10 -A --scale -x ; -a -e uncore_imc_0/period=0,event=0x22,name='UNC_M_CAS_COUNT_RD[UNIT0]'/,uncore_imc_1/period=0,event=0x22,name='UNC_M_CAS_COUNT_RD[UNIT1]'/,uncore_imc_0/period=0,event=0x23,name='UNC_M_CAS_COUNT_WR[UNIT0]'/,uncore_imc_1/period=0,event=0x23,name='UNC_M_CAS_COUNT_WR[UNIT1]'/ /home/fabs/intel/oneapi/vtune/2026.0/bin64/amplxe-perf-sync dryrun tsc
439 [127023188014784] INFO perfrun.sdk <> - runCmd started PID 48438
445 [127023188014784] INFO perfrun.perfcollector <> - Monitor: runCmd RC = true
445 [127023410304704] INFO perfrun.sdk <> - runCmd: /home/fabs/intel/oneapi/vtune/2026.0/bin64/amplxe-perf record -v -o /home/fabs/Github/kmartinez_fmelendez_jserracin_a2-2026-s1/proyecto_2/models/r001hpc/data.0/temp.dryrun.perf -N -B -T --sample-cpu -d -a --compression-level=1 --clockid=CLOCK_MONOTONIC_RAW -e cpu_atom/period=2500000,event=0xc0,name='INST_RETIRED.ANY[ATOM]'/Dukpp,cpu_atom/period=2500000,event=0x3c,name='CPU_CLK_UNHALTED.THREAD[ATOM]'/Dukpp,cpu_atom/period=2500000,umask=0x3,name='CPU_CLK_UNHALTED.REF_TSC[ATOM]'/Dukpp,cpu_atom/period=2000003,event=0x3c,name='CPU_CLK_UNHALTED.THREAD_P[ATOM]'/ukpp,cpu_atom/period=1000003,event=0x5,umask=0xf4,name='LD_HEAD.L1_BOUND_AT_RET[ATOM]'/ukpp,cpu_atom/period=1000003,event=0x5,umask=0x2,name='LD_HEAD.WCB_FULL[ATOM]'/ukpp,cpu_atom/period=200003,event=0x34,umask=0x7,name='MEM_BOUND_STALLS.LOAD[ATOM]'/ukpp,cpu_atom/period=200003,event=0x34,umask=0x4,name='MEM_BOUND_STALLS.LOAD_DRAM_HIT[ATOM]'/ukpp,cpu_atom/period=200003,event=0x34,umask=0x1,name='MEM_BOUND_STALLS.LOAD_L2_HIT[ATOM]'/ukpp,cpu_atom/period=200003,event=0x34,umask=0x2,name='MEM_BOUND_STALLS.LOAD_LLC_HIT[ATOM]'/ukpp,cpu_atom/period=20003,event=0x4,umask=0x7,name='MEM_SCHEDULER_BLOCK.ALL[ATOM]'/ukpp,cpu_atom/period=20003,event=0x4,umask=0x1,name='MEM_SCHEDULER_BLOCK.ST_BUF[ATOM]'/ukpp,cpu_atom/period=1000003,event=0x74,name='TOPDOWN_BE_BOUND.ALL[ATOM]'/ukpp,cpu_atom/period=1000003,event=0x74,umask=0x1,name='TOPDOWN_BE_BOUND.ALLOC_RESTRICTIONS[ATOM]'/ukpp,cpu_atom/period=1000003,event=0x74,umask=0x2,name='TOPDOWN_BE_BOUND.MEM_SCHEDULER[ATOM]'/ukpp,cpu_atom/period=1000003,event=0x74,umask=0x10,name='TOPDOWN_BE_BOUND.SERIALIZATION[ATOM]'/ukpp,cpu_atom/period=1000003,event=0x71,name='TOPDOWN_FE_BOUND.ALL[ATOM]'/ukpp,cpu_atom/period=1000003,event=0xc2,name='TOPDOWN_RETIRING.ALL[ATOM]'/ukpp,cpu_core/period=2500000,event=0xc0,name='INST_RETIRED.ANY[CORE]'/Dukppp,cpu_core/period=2500000,event=0x3c,name='CPU_CLK_UNHALTED.THREAD[CORE]'/Dukpp,cpu_core/period=2500000,umask=0x3,name='CPU_CLK_UNHALTED.REF_TSC[CORE]'/Dukpp,cpu_core/period=10000003,umask=0x4,name='TOPDOWN.SLOTS[CORE]'/Dukpp,cpu_core/period=1000003,cmask=0x3,event=0x47,umask=0x3,name='MEMORY_ACTIVITY.STALLS_L1D_MISS[CORE]'/ukpp,cpu_core/period=1000003,cmask=0x5,event=0x47,umask=0x5,name='MEMORY_ACTIVITY.STALLS_L2_MISS[CORE]'/ukpp,cpu_core/period=1000003,cmask=0x9,event=0x47,umask=0x9,name='MEMORY_ACTIVITY.STALLS_L3_MISS[CORE]'/ukpp,cpu_core/period=1000003,event=0xd1,umask=0x1,name='MEM_LOAD_RETIRED.L1_HIT[CORE]'/ukpp,cpu_core/period=2500000,event=0xec,umask=0x2,name='CPU_CLK_UNHALTED.DISTRIBUTED[CORE]'/ukpp,cpu_core/period=2000003,event=0x3c,name='CPU_CLK_UNHALTED.THREAD_P[CORE]'/ukpp,cpu_core/period=2000003,cmask=0x5,event=0xa6,umask=0x21,name='EXE_ACTIVITY.BOUND_ON_LOADS[CORE]'/ukpp,cpu_core/period=2000003,event=0xb3,umask=0x1,name='FP_ARITH_DISPATCHED.PORT_0[CORE]'/ukpp,cpu_core/period=200003,event=0xd1,umask=0x2,name='MEM_LOAD_RETIRED.L2_HIT[CORE]'/ukpp,cpu_core/period=100021,event=0xd1,umask=0x4,name='MEM_LOAD_RETIRED.L3_HIT[CORE]'/ukpp,cpu_core/period=50021,event=0xd1,umask=0x20,name='MEM_LOAD_RETIRED.L3_MISS[CORE]'/ukpp,cpu_core/period=100003,event=0xd0,umask=0x82,name='MEM_INST_RETIRED.ALL_STORES[CORE]'/ukpp,cpu_core/period=2000003,event=0xb3,umask=0x2,name='FP_ARITH_DISPATCHED.PORT_1[CORE]'/ukpp,cpu_core/period=2000003,event=0xb3,umask=0x4,name='FP_ARITH_DISPATCHED.PORT_5[CORE]'/ukpp,cpu_core/period=2000003,event=0xc7,umask=0x4,name='FP_ARITH_INST_RETIRED.128B_PACKED_DOUBLE[CORE]'/ukpp,cpu_core/period=2000003,event=0xc7,umask=0x8,name='FP_ARITH_INST_RETIRED.128B_PACKED_SINGLE[CORE]'/ukpp,cpu_core/period=100003,event=0xd0,umask=0x81,name='MEM_INST_RETIRED.ALL_LOADS[CORE]'/ukpp,cpu_core/period=2000003,event=0xc7,umask=0x10,name='FP_ARITH_INST_RETIRED.256B_PACKED_DOUBLE[CORE]'/ukpp,cpu_core/period=2000003,event=0xc7,umask=0x20,name='FP_ARITH_INST_RETIRED.256B_PACKED_SINGLE[CORE]'/ukpp,cpu_core/period=100003,event=0xc7,umask=0x18,name='FP_ARITH_INST_RETIRED.4_FLOPS[CORE]'/ukpp,cpu_core/period=1000003,event=0xc7,umask=0x3,name='FP_ARITH_INST_RETIRED.SCALAR[CORE]'/ukpp,cpu_core/period=2000003,event=0xc7,umask=0x1,name='FP_ARITH_INST_RETIRED.SCALAR_DOUBLE[CORE]'/ukpp,cpu_core/period=2000003,event=0xc7,umask=0x2,name='FP_ARITH_INST_RETIRED.SCALAR_SINGLE[CORE]'/ukpp,cpu_core/period=1000003,event=0xc7,umask=0xfc,name='FP_ARITH_INST_RETIRED.VECTOR[CORE]'/ukpp,cpu_core/period=100007,event=0xc6,frontend=0x600406,umask=0x1,name='FRONTEND_RETIRED.LATENCY_GE_4[CORE]'/ukpp,cpu_core/period=1000003,event=0x9c,umask=0x1,name='IDQ_BUBBLES.CORE[CORE]'/ukpp,cpu_core/period=1000003,event=0xad,umask=0x10,name='INT_MISC.UOP_DROPPING[CORE]'/ukpp,cpu_core/period=10000003,event=0xa4,umask=0x2,name='TOPDOWN.BACKEND_BOUND_SLOTS[CORE]'/ukpp,cpu_core/period=10000003,event=0xa4,umask=0x10,name='TOPDOWN.MEMORY_BOUND_SLOTS[CORE]'/ukpp,cpu_core/period=2000003,event=0xc2,umask=0x2,name='UOPS_RETIRED.SLOTS[CORE]'/ukpp,cpu_core/period=10000003,event=0xa4,umask=0x1,name='TOPDOWN.SLOTS_P[CORE]'/ukpp,cpu_core/period=2000003,event=0xb1,umask=0x10,name='UOPS_EXECUTED.X87[CORE]'/ukpp,cpu_core/period=2000003,event=0xb1,umask=0x1,name='UOPS_EXECUTED.THREAD[CORE]'/ukpp /home/fabs/intel/oneapi/vtune/2026.0/bin64/amplxe-perf-sync dryrun tsc
446 [127023410304704] INFO perfrun.sdk <> - runCmd started PID 48441
725 [127023410304704] INFO perfrun.perfcollector <> - Monitor: runCmd RC = true
726 [127023418697408] INFO perfrun.launcher <> - plugin [aoclprofile] was disabled because it doesn't support the given collection type.
726 [127023418697408] INFO perfrun.tpss <> - initialize tpss controller
726 [127023418697408] INFO perfrun.launcher <> - plugin [tpss] was disabled because it doesn't support the given collection type.
726 [127023418697408] INFO perfrun.launcher <> - plugin [media] was disabled because it doesn't support the given collection type.
726 [127023418697408] INFO perfrun.launcher <> - plugin [] was disabled because it doesn't support the given collection type.
726 [127023418697408] INFO perfrun.launcher <> - plugin [] was disabled because it doesn't support the given collection type.
726 [127023418697408] INFO perfrun.launcher <> - plugin [parallelfs] was disabled because it doesn't support the given collection type.
726 [127023418697408] INFO perfrun.launcher <> - plugin [power] was disabled because it doesn't support the given collection type.
726 [127023418697408] INFO perfrun.launcher <> - plugin [] was disabled because it doesn't support the given collection type.
726 [127023418697408] INFO perfrun.launcher <> - plugin [] was disabled because it doesn't support the given collection type.
726 [127023418697408] INFO perfrun.launcher <> - plugin [] was disabled because it doesn't support the given collection type.
726 [127023418697408] INFO perfrun.launcher <> - plugin [l0_metrics] was disabled because it doesn't support the given collection type.
726 [127023418697408] INFO perfrun.launcher <> - plugin [stall_reasons] was disabled because it doesn't support the given collection type.
726 [127023578228608] INFO perfrun.launcher <> - set environment variable: LD_LIBRARY_PATH = /home/fabs/intel/oneapi/vtune/2026.0/lib32/runtime:/home/fabs/intel/oneapi/vtune/2026.0/lib64/runtime:/home/fabs/intel/oneapi/tcm/1.5/lib:/home/fabs/intel/oneapi/umf/1.1/lib:/home/fabs/intel/oneapi/tcm/1.5/env/../lib:/home/fabs/intel/oneapi/tbb/2023.0/env/../lib/intel64/gcc4.8:/home/fabs/intel/oneapi/mpi/2021.18/opt/mpi/libfabric/lib:/home/fabs/intel/oneapi/mpi/2021.18/lib:/home/fabs/intel/oneapi/mkl/2026.0/lib:/home/fabs/intel/oneapi/ippcp/2026.0/lib/:/home/fabs/intel/oneapi/ipp/2026.0/lib:/home/fabs/intel/oneapi/dnnl/2026.0/lib:/home/fabs/intel/oneapi/debugger/2026.0/opt/debugger/lib:/home/fabs/intel/oneapi/compiler/2026.0/opt/compiler/lib:/home/fabs/intel/oneapi/compiler/2026.0/lib:/home/fabs/intel/oneapi/ccl/2022.0/lib/
726 [127023578228608] INFO perfrun.launcher <> - set environment variable: INTEL_LIBITTNOTIFY32 = /home/fabs/intel/oneapi/vtune/2026.0/lib32/runtime/libittnotify_collector.so
726 [127023578228608] INFO perfrun.launcher <> - set environment variable: INTEL_LIBITTNOTIFY64 = /home/fabs/intel/oneapi/vtune/2026.0/lib64/runtime/libittnotify_collector.so
726 [127023578228608] INFO perfrun.launcher <> - set environment variable: INTEL_ITTNOTIFY_GROUPS = 
726 [127023578228608] INFO perfrun.launcher <> - set environment variable: INTEL_JIT_PROFILER32 = /home/fabs/intel/oneapi/vtune/2026.0/lib32/runtime/libittnotify_collector.so
726 [127023578228608] INFO perfrun.launcher <> - set environment variable: INTEL_JIT_PROFILER64 = /home/fabs/intel/oneapi/vtune/2026.0/lib64/runtime/libittnotify_collector.so
726 [127023578228608] INFO perfrun.launcher <> - set environment variable: OMP_TOOL_LIBRARIES = /home/fabs/intel/oneapi/vtune/2026.0/lib32/runtime/libittnotify_collector.so:/home/fabs/intel/oneapi/vtune/2026.0/lib64/runtime/libittnotify_collector.so
726 [127023578228608] INFO perfrun.launcher <> - set environment variable: CCL_ITT_LEVEL = 1
726 [127023578228608] INFO perfrun.launcher <> - set environment variable: ENABLE_JITPROFILING = 1
726 [127023578228608] INFO perfrun.launcher <> - set environment variable: CL_CONFIG_USE_VTUNE = True
726 [127023578228608] INFO perfrun.launcher <> - set environment variable: INTEL_MRTE_DATA_DIR = /home/fabs/Github/kmartinez_fmelendez_jserracin_a2-2026-s1/proyecto_2/models/r001hpc/data.0
726 [127023578228608] INFO perfrun.launcher <> - set environment variable: INTEL_MRTE_HOST_NAME = Fabs-Computer
726 [127023578228608] INFO perfrun.launcher <> - set environment variable: JAVA_TOOL_OPTIONS = -agentlib:amplxe_samplingmrte_javaprof_1.0 -Dsun.boot.library.path=/home/fabs/intel/oneapi/vtune/2026.0/lib32/runtime:/home/fabs/intel/oneapi/vtune/2026.0/lib64/runtime
726 [127023578228608] INFO perfrun.launcher <> - set environment variable: LD_LIBRARY_PATH = /home/fabs/intel/oneapi/vtune/2026.0/lib32/runtime:/home/fabs/intel/oneapi/vtune/2026.0/lib64/runtime:/home/fabs/intel/oneapi/tcm/1.5/lib:/home/fabs/intel/oneapi/umf/1.1/lib:/home/fabs/intel/oneapi/tcm/1.5/env/../lib:/home/fabs/intel/oneapi/tbb/2023.0/env/../lib/intel64/gcc4.8:/home/fabs/intel/oneapi/mpi/2021.18/opt/mpi/libfabric/lib:/home/fabs/intel/oneapi/mpi/2021.18/lib:/home/fabs/intel/oneapi/mkl/2026.0/lib:/home/fabs/intel/oneapi/ippcp/2026.0/lib/:/home/fabs/intel/oneapi/ipp/2026.0/lib:/home/fabs/intel/oneapi/dnnl/2026.0/lib:/home/fabs/intel/oneapi/debugger/2026.0/opt/debugger/lib:/home/fabs/intel/oneapi/compiler/2026.0/opt/compiler/lib:/home/fabs/intel/oneapi/compiler/2026.0/lib:/home/fabs/intel/oneapi/ccl/2022.0/lib/
726 [127023578228608] INFO perfrun.launcher <> - set environment variable: CORECLR_ENABLE_PROFILING = 1
726 [127023578228608] INFO perfrun.launcher <> - set environment variable: CORECLR_PROFILER = {AA5E4821-E3B1-479c-B7FF-5AD047D22CED}
726 [127023578228608] INFO perfrun.launcher <> - set environment variable: CORECLR_PROFILER_PATH = /home/fabs/intel/oneapi/vtune/2026.0/lib64/libamplxe_samplingmrte_clrprof_1.0.so
726 [127023578228608] INFO perfrun.launcher <> - set environment variable: INTEL_MRTE_PROFILER_MODE = mixed
726 [127023578228608] INFO perfrun.launcher <> - RpcServer: run RPC server to handle requests
726 [127023578228608] INFO perfrun.launcher <> - Launcher: command line to start before modification = ./n-body
726 [127023578228608] INFO perfrun.launcher <> - Launcher: command line to start after modification = ./n-body
726 [127023578228608] INFO perfrun.launcher <> - ProcessCreator object was created
727 [127023578228608] INFO perfrun.launcher <> - Launcher: the process was started in suspend mode
727 [127023418697408] INFO perfrun.launcher <> - Messenger::say: Peak bandwidth measurement started.
3942 [127023418697408] INFO perfrun.launcher <> - Messenger::say: Peak bandwidth measurement finished.
3943 [127023418697408] WARN perfrun.system <> - Could not do anything with /sys/kernel/debug/kvm: boost::filesystem::status: Permission denied [system:13]: "/sys/kernel/debug/kvm", at file: vcs/perfrun1/plugins/system/src/trace_writer.cpp:791
3943 [127023418697408] WARN perfrun.system <> - Folder "/var/run/libvirt/qemu/"doesn't exist, at file: vcs/perfrun1/plugins/system/src/trace_writer.cpp:804
3943 [127023418697408] WARN perfrun.sdk <> - Failed to find xl binary on any of the system paths: /bin, /sbin, /usr/bin, /usr/sbin., at file: vcs/perfrun1/sdk/src/utils.cpp:205
3943 [127023418697408] WARN perfrun.system <> - Could not start ContainerMapping collector, at file: vcs/perfrun1/plugins/system/src/controller.cpp:450
3961 [127023418697408] INFO perfrun.vdso <> - Helper runtool '/home/fabs/intel/oneapi/vtune/2026.0/bin32/amplxe-runss -dump-vdso -r /home/fabs/Github/kmartinez_fmelendez_jserracin_a2-2026-s1/proyecto_2/models/r001hpc --tmp-dir /tmp/amplxe-tmp-fabs' returned 0
4135 [127023418697408] INFO perfrun.vdso <> - Helper runtool '/home/fabs/intel/oneapi/vtune/2026.0/bin64/amplxe-runss -dump-vdso -r /home/fabs/Github/kmartinez_fmelendez_jserracin_a2-2026-s1/proyecto_2/models/r001hpc --tmp-dir /tmp/amplxe-tmp-fabs' returned 0
4135 [127023418697408] INFO perfrun.itt <> - start itt controller for pid #48444
4135 [127023418697408] INFO perfrun.perfcollector <> - attaching to pid: 48444, m_mode: 34, mode: 35
4135 [127022724519616] INFO perfrun.perfcollector <> - Perf stat trace pipe capacity: read = 1048576, write = 1048576
4135 [127023188014784] INFO perfrun.sdk <> - Reading value (0,2,4,6,8-11) from file: /sys/devices/system/cpu/cpu0/topology/core_siblings_list
4135 [127023188014784] INFO perfrun.sdk <> - Reading value (0) from file: /sys/devices/system/cpu/cpu0/topology/thread_siblings_list
4135 [127023188014784] ERROR perfrun.sdk <> - boost::filesystem::exists(filename) 'gh2::error::IsNot.Valid.File(filename):/sys/devices/system/cpu/cpu1/topology/core_siblings_list'
_sdks/release_posix-x86_64_icx_2023.0.0_gnutools_9.2_binutils_2.28/perfrun_1.37.23/include/perfrun1/sdk/utils.hpp(788): gh2::error_code_t runtool::sdk::loadFileValue(RetType &, const cpil2::uchar_t *) [RetType = std::basic_string<char>]
, at file: _sdks/release_posix-x86_64_icx_2023.0.0_gnutools_9.2_binutils_2.28/perfrun_1.37.23/include/perfrun1/sdk/utils.hpp:788
4135 [127023188014784] ERROR perfrun.sdk <> - boost::filesystem::exists(filename) 'gh2::error::IsNot.Valid.File(filename):/sys/devices/system/cpu/cpu1/topology/thread_siblings_list'
_sdks/release_posix-x86_64_icx_2023.0.0_gnutools_9.2_binutils_2.28/perfrun_1.37.23/include/perfrun1/sdk/utils.hpp(788): gh2::error_code_t runtool::sdk::loadFileValue(RetType &, const cpil2::uchar_t *) [RetType = std::basic_string<char>]
, at file: _sdks/release_posix-x86_64_icx_2023.0.0_gnutools_9.2_binutils_2.28/perfrun_1.37.23/include/perfrun1/sdk/utils.hpp:788
4135 [127023188014784] INFO perfrun.sdk <> - Reading value (0,2,4,6,8-11) from file: /sys/devices/system/cpu/cpu2/topology/core_siblings_list
4135 [127023188014784] INFO perfrun.sdk <> - Reading value (2) from file: /sys/devices/system/cpu/cpu2/topology/thread_siblings_list
4135 [127023188014784] ERROR perfrun.sdk <> - boost::filesystem::exists(filename) 'gh2::error::IsNot.Valid.File(filename):/sys/devices/system/cpu/cpu3/topology/core_siblings_list'
_sdks/release_posix-x86_64_icx_2023.0.0_gnutools_9.2_binutils_2.28/perfrun_1.37.23/include/perfrun1/sdk/utils.hpp(788): gh2::error_code_t runtool::sdk::loadFileValue(RetType &, const cpil2::uchar_t *) [RetType = std::basic_string<char>]
, at file: _sdks/release_posix-x86_64_icx_2023.0.0_gnutools_9.2_binutils_2.28/perfrun_1.37.23/include/perfrun1/sdk/utils.hpp:788
4135 [127023188014784] ERROR perfrun.sdk <> - boost::filesystem::exists(filename) 'gh2::error::IsNot.Valid.File(filename):/sys/devices/system/cpu/cpu3/topology/thread_siblings_list'
_sdks/release_posix-x86_64_icx_2023.0.0_gnutools_9.2_binutils_2.28/perfrun_1.37.23/include/perfrun1/sdk/utils.hpp(788): gh2::error_code_t runtool::sdk::loadFileValue(RetType &, const cpil2::uchar_t *) [RetType = std::basic_string<char>]
, at file: _sdks/release_posix-x86_64_icx_2023.0.0_gnutools_9.2_binutils_2.28/perfrun_1.37.23/include/perfrun1/sdk/utils.hpp:788
4135 [127023188014784] INFO perfrun.sdk <> - Reading value (0,2,4,6,8-11) from file: /sys/devices/system/cpu/cpu4/topology/core_siblings_list
4135 [127023188014784] INFO perfrun.sdk <> - Reading value (4) from file: /sys/devices/system/cpu/cpu4/topology/thread_siblings_list
4135 [127023188014784] ERROR perfrun.sdk <> - boost::filesystem::exists(filename) 'gh2::error::IsNot.Valid.File(filename):/sys/devices/system/cpu/cpu5/topology/core_siblings_list'
_sdks/release_posix-x86_64_icx_2023.0.0_gnutools_9.2_binutils_2.28/perfrun_1.37.23/include/perfrun1/sdk/utils.hpp(788): gh2::error_code_t runtool::sdk::loadFileValue(RetType &, const cpil2::uchar_t *) [RetType = std::basic_string<char>]
, at file: _sdks/release_posix-x86_64_icx_2023.0.0_gnutools_9.2_binutils_2.28/perfrun_1.37.23/include/perfrun1/sdk/utils.hpp:788
4135 [127023188014784] ERROR perfrun.sdk <> - boost::filesystem::exists(filename) 'gh2::error::IsNot.Valid.File(filename):/sys/devices/system/cpu/cpu5/topology/thread_siblings_list'
_sdks/release_posix-x86_64_icx_2023.0.0_gnutools_9.2_binutils_2.28/perfrun_1.37.23/include/perfrun1/sdk/utils.hpp(788): gh2::error_code_t runtool::sdk::loadFileValue(RetType &, const cpil2::uchar_t *) [RetType = std::basic_string<char>]
, at file: _sdks/release_posix-x86_64_icx_2023.0.0_gnutools_9.2_binutils_2.28/perfrun_1.37.23/include/perfrun1/sdk/utils.hpp:788
4135 [127023188014784] INFO perfrun.sdk <> - Reading value (0,2,4,6,8-11) from file: /sys/devices/system/cpu/cpu6/topology/core_siblings_list
4135 [127023188014784] INFO perfrun.sdk <> - Reading value (6) from file: /sys/devices/system/cpu/cpu6/topology/thread_siblings_list
4135 [127023188014784] ERROR perfrun.sdk <> - boost::filesystem::exists(filename) 'gh2::error::IsNot.Valid.File(filename):/sys/devices/system/cpu/cpu7/topology/core_siblings_list'
_sdks/release_posix-x86_64_icx_2023.0.0_gnutools_9.2_binutils_2.28/perfrun_1.37.23/include/perfrun1/sdk/utils.hpp(788): gh2::error_code_t runtool::sdk::loadFileValue(RetType &, const cpil2::uchar_t *) [RetType = std::basic_string<char>]
, at file: _sdks/release_posix-x86_64_icx_2023.0.0_gnutools_9.2_binutils_2.28/perfrun_1.37.23/include/perfrun1/sdk/utils.hpp:788
4135 [127023188014784] ERROR perfrun.sdk <> - boost::filesystem::exists(filename) 'gh2::error::IsNot.Valid.File(filename):/sys/devices/system/cpu/cpu7/topology/thread_siblings_list'
_sdks/release_posix-x86_64_icx_2023.0.0_gnutools_9.2_binutils_2.28/perfrun_1.37.23/include/perfrun1/sdk/utils.hpp(788): gh2::error_code_t runtool::sdk::loadFileValue(RetType &, const cpil2::uchar_t *) [RetType = std::basic_string<char>]
, at file: _sdks/release_posix-x86_64_icx_2023.0.0_gnutools_9.2_binutils_2.28/perfrun_1.37.23/include/perfrun1/sdk/utils.hpp:788
4135 [127023188014784] INFO perfrun.sdk <> - Reading value (0,2,4,6,8-11) from file: /sys/devices/system/cpu/cpu8/topology/core_siblings_list
4135 [127023188014784] INFO perfrun.sdk <> - Reading value (8) from file: /sys/devices/system/cpu/cpu8/topology/thread_siblings_list
4135 [127023188014784] INFO perfrun.sdk <> - Reading value (0,2,4,6,8-11) from file: /sys/devices/system/cpu/cpu9/topology/core_siblings_list
4135 [127023188014784] INFO perfrun.sdk <> - Reading value (9) from file: /sys/devices/system/cpu/cpu9/topology/thread_siblings_list
4136 [127023188014784] INFO perfrun.sdk <> - Reading value (0,2,4,6,8-11) from file: /sys/devices/system/cpu/cpu10/topology/core_siblings_list
4136 [127023188014784] INFO perfrun.sdk <> - Reading value (10) from file: /sys/devices/system/cpu/cpu10/topology/thread_siblings_list
4136 [127023188014784] INFO perfrun.sdk <> - Reading value (0,2,4,6,8-11) from file: /sys/devices/system/cpu/cpu11/topology/core_siblings_list
4136 [127023188014784] INFO perfrun.sdk <> - Reading value (11) from file: /sys/devices/system/cpu/cpu11/topology/thread_siblings_list
4136 [127023188014784] INFO perfrun.sdk <> - Reading value (0,2,4,6) from file: /sys/bus/event_source/devices/cpu_core/cpus
4136 [127023188014784] INFO perfrun.sdk <> - Reading value (8-11) from file: /sys/bus/event_source/devices/cpu_atom/cpus
4136 [127022724519616] INFO perfrun.sdk <> - runCmd: /home/fabs/intel/oneapi/vtune/2026.0/bin64/amplxe-perf stat -v --log-fd 22 --control=fd:23,26 -I 10 -A --scale -x ; -a -e uncore_imc_0/period=0,event=0x22,name='UNC_M_CAS_COUNT_RD[UNIT0]'/,uncore_imc_1/period=0,event=0x22,name='UNC_M_CAS_COUNT_RD[UNIT1]'/,uncore_imc_0/period=0,event=0x23,name='UNC_M_CAS_COUNT_WR[UNIT0]'/,uncore_imc_1/period=0,event=0x23,name='UNC_M_CAS_COUNT_WR[UNIT1]'/ /home/fabs/intel/oneapi/vtune/2026.0/bin64/amplxe-perf-sync sync tsc
4136 [127022724519616] INFO perfrun.sdk <> - runCmd started PID 48468
4142 [127022732912320] INFO perfrun.sdk <> - runCmd: /home/fabs/intel/oneapi/vtune/2026.0/bin64/amplxe-perf record -v --control=fd:22,29 -o /home/fabs/Github/kmartinez_fmelendez_jserracin_a2-2026-s1/proyecto_2/models/r001hpc/data.0/system-wide.perf -N -B -T --sample-cpu -d -a --compression-level=1 --threads --clockid=CLOCK_MONOTONIC_RAW -e cpu_atom/period=2500000,event=0xc0,name='INST_RETIRED.ANY[ATOM]'/Dukpp,cpu_atom/period=2500000,event=0x3c,name='CPU_CLK_UNHALTED.THREAD[ATOM]'/Dukpp,cpu_atom/period=2500000,umask=0x3,name='CPU_CLK_UNHALTED.REF_TSC[ATOM]'/Dukpp,cpu_atom/period=2000003,event=0x3c,name='CPU_CLK_UNHALTED.THREAD_P[ATOM]'/ukpp,cpu_atom/period=1000003,event=0x5,umask=0xf4,name='LD_HEAD.L1_BOUND_AT_RET[ATOM]'/ukpp,cpu_atom/period=1000003,event=0x5,umask=0x2,name='LD_HEAD.WCB_FULL[ATOM]'/ukpp,cpu_atom/period=200003,event=0x34,umask=0x7,name='MEM_BOUND_STALLS.LOAD[ATOM]'/ukpp,cpu_atom/period=200003,event=0x34,umask=0x4,name='MEM_BOUND_STALLS.LOAD_DRAM_HIT[ATOM]'/ukpp,cpu_atom/period=200003,event=0x34,umask=0x1,name='MEM_BOUND_STALLS.LOAD_L2_HIT[ATOM]'/ukpp,cpu_atom/period=200003,event=0x34,umask=0x2,name='MEM_BOUND_STALLS.LOAD_LLC_HIT[ATOM]'/ukpp,cpu_atom/period=20003,event=0x4,umask=0x7,name='MEM_SCHEDULER_BLOCK.ALL[ATOM]'/ukpp,cpu_atom/period=20003,event=0x4,umask=0x1,name='MEM_SCHEDULER_BLOCK.ST_BUF[ATOM]'/ukpp,cpu_atom/period=1000003,event=0x74,name='TOPDOWN_BE_BOUND.ALL[ATOM]'/ukpp,cpu_atom/period=1000003,event=0x74,umask=0x1,name='TOPDOWN_BE_BOUND.ALLOC_RESTRICTIONS[ATOM]'/ukpp,cpu_atom/period=1000003,event=0x74,umask=0x2,name='TOPDOWN_BE_BOUND.MEM_SCHEDULER[ATOM]'/ukpp,cpu_atom/period=1000003,event=0x74,umask=0x10,name='TOPDOWN_BE_BOUND.SERIALIZATION[ATOM]'/ukpp,cpu_atom/period=1000003,event=0x71,name='TOPDOWN_FE_BOUND.ALL[ATOM]'/ukpp,cpu_atom/period=1000003,event=0xc2,name='TOPDOWN_RETIRING.ALL[ATOM]'/ukpp,cpu_core/period=2500000,event=0xc0,name='INST_RETIRED.ANY[CORE]'/Dukppp,cpu_core/period=2500000,event=0x3c,name='CPU_CLK_UNHALTED.THREAD[CORE]'/Dukpp,cpu_core/period=2500000,umask=0x3,name='CPU_CLK_UNHALTED.REF_TSC[CORE]'/Dukpp,cpu_core/period=10000003,umask=0x4,name='TOPDOWN.SLOTS[CORE]'/Dukpp,cpu_core/period=1000003,cmask=0x3,event=0x47,umask=0x3,name='MEMORY_ACTIVITY.STALLS_L1D_MISS[CORE]'/ukpp,cpu_core/period=1000003,cmask=0x5,event=0x47,umask=0x5,name='MEMORY_ACTIVITY.STALLS_L2_MISS[CORE]'/ukpp,cpu_core/period=1000003,cmask=0x9,event=0x47,umask=0x9,name='MEMORY_ACTIVITY.STALLS_L3_MISS[CORE]'/ukpp,cpu_core/period=1000003,event=0xd1,umask=0x1,name='MEM_LOAD_RETIRED.L1_HIT[CORE]'/ukpp,cpu_core/period=2500000,event=0xec,umask=0x2,name='CPU_CLK_UNHALTED.DISTRIBUTED[CORE]'/ukpp,cpu_core/period=2000003,event=0x3c,name='CPU_CLK_UNHALTED.THREAD_P[CORE]'/ukpp,cpu_core/period=2000003,cmask=0x5,event=0xa6,umask=0x21,name='EXE_ACTIVITY.BOUND_ON_LOADS[CORE]'/ukpp,cpu_core/period=2000003,event=0xb3,umask=0x1,name='FP_ARITH_DISPATCHED.PORT_0[CORE]'/ukpp,cpu_core/period=200003,event=0xd1,umask=0x2,name='MEM_LOAD_RETIRED.L2_HIT[CORE]'/ukpp,cpu_core/period=100021,event=0xd1,umask=0x4,name='MEM_LOAD_RETIRED.L3_HIT[CORE]'/ukpp,cpu_core/period=50021,event=0xd1,umask=0x20,name='MEM_LOAD_RETIRED.L3_MISS[CORE]'/ukpp,cpu_core/period=100003,event=0xd0,umask=0x82,name='MEM_INST_RETIRED.ALL_STORES[CORE]'/ukpp,cpu_core/period=2000003,event=0xb3,umask=0x2,name='FP_ARITH_DISPATCHED.PORT_1[CORE]'/ukpp,cpu_core/period=2000003,event=0xb3,umask=0x4,name='FP_ARITH_DISPATCHED.PORT_5[CORE]'/ukpp,cpu_core/period=2000003,event=0xc7,umask=0x4,name='FP_ARITH_INST_RETIRED.128B_PACKED_DOUBLE[CORE]'/ukpp,cpu_core/period=2000003,event=0xc7,umask=0x8,name='FP_ARITH_INST_RETIRED.128B_PACKED_SINGLE[CORE]'/ukpp,cpu_core/period=100003,event=0xd0,umask=0x81,name='MEM_INST_RETIRED.ALL_LOADS[CORE]'/ukpp,cpu_core/period=2000003,event=0xc7,umask=0x10,name='FP_ARITH_INST_RETIRED.256B_PACKED_DOUBLE[CORE]'/ukpp,cpu_core/period=2000003,event=0xc7,umask=0x20,name='FP_ARITH_INST_RETIRED.256B_PACKED_SINGLE[CORE]'/ukpp,cpu_core/period=100003,event=0xc7,umask=0x18,name='FP_ARITH_INST_RETIRED.4_FLOPS[CORE]'/ukpp,cpu_core/period=1000003,event=0xc7,umask=0x3,name='FP_ARITH_INST_RETIRED.SCALAR[CORE]'/ukpp,cpu_core/period=2000003,event=0xc7,umask=0x1,name='FP_ARITH_INST_RETIRED.SCALAR_DOUBLE[CORE]'/ukpp,cpu_core/period=2000003,event=0xc7,umask=0x2,name='FP_ARITH_INST_RETIRED.SCALAR_SINGLE[CORE]'/ukpp,cpu_core/period=1000003,event=0xc7,umask=0xfc,name='FP_ARITH_INST_RETIRED.VECTOR[CORE]'/ukpp,cpu_core/period=100007,event=0xc6,frontend=0x600406,umask=0x1,name='FRONTEND_RETIRED.LATENCY_GE_4[CORE]'/ukpp,cpu_core/period=1000003,event=0x9c,umask=0x1,name='IDQ_BUBBLES.CORE[CORE]'/ukpp,cpu_core/period=1000003,event=0xad,umask=0x10,name='INT_MISC.UOP_DROPPING[CORE]'/ukpp,cpu_core/period=10000003,event=0xa4,umask=0x2,name='TOPDOWN.BACKEND_BOUND_SLOTS[CORE]'/ukpp,cpu_core/period=10000003,event=0xa4,umask=0x10,name='TOPDOWN.MEMORY_BOUND_SLOTS[CORE]'/ukpp,cpu_core/period=2000003,event=0xc2,umask=0x2,name='UOPS_RETIRED.SLOTS[CORE]'/ukpp,cpu_core/period=10000003,event=0xa4,umask=0x1,name='TOPDOWN.SLOTS_P[CORE]'/ukpp,cpu_core/period=2000003,event=0xb1,umask=0x10,name='UOPS_EXECUTED.X87[CORE]'/ukpp,cpu_core/period=2000003,event=0xb1,umask=0x1,name='UOPS_EXECUTED.THREAD[CORE]'/ukpp /home/fabs/intel/oneapi/vtune/2026.0/bin64/amplxe-perf-sync sync tsc
4143 [127022732912320] INFO perfrun.sdk <> - runCmd started PID 48471
4422 [127023578228608] INFO perfrun.launcher <> - Launcher: all plugins were started
4422 [127023578228608] INFO perfrun.launcher <> - DirectoryMonitor object was created
4422 [127023578228608] INFO perfrun.launcher <> - DirectoryMonitor: a callback was added
4422 [127023578228608] INFO perfrun.launcher <> - DirectoryMonitor was started with pingTime = 1000
4422 [127023578228608] INFO perfrun.launcher <> - DeadlineTimer is going to be constructed
4422 [127023578228608] INFO perfrun.launcher <> - DeadlineTimer: a callback was added
4426 [127023578228608] INFO perfrun.launcher <> - Launcher: resume the profiled application and  wait its termination or stop command
5523 [127023578228608] INFO perfrun.launcher <> - Launcher: the profiled application was terminated  with exit code = 0
5526 [127023418697408] INFO perfrun.itt <> - detach itt controller
5526 [127023418697408] INFO perfrun.itt <> - detach itt controller done
5536 [127022732912320] INFO perfrun.perfcollector <> - Monitor: runCmd RC = true
5536 [127023418697408] INFO perfrun.perfcollector <> - Monitor: state = 3, error = 1
5537 [127022724519616] INFO perfrun.perfcollector <> - Monitor: runCmd RC = true
5537 [127023418697408] INFO perfrun.perfcollector <> - Monitor: state = 3, error = 1
5537 [127023418697408] INFO perfrun.sdk <> - De-allocating TMU: /home/fabs/Github/kmartinez_fmelendez_jserracin_a2-2026-s1/proyecto_2/models/r001hpc/data.0/systemcollector-48424-Fabs-Computer.sc
5537 [127023418697408] INFO perfrun.system <> - closed the system trace file: /home/fabs/Github/kmartinez_fmelendez_jserracin_a2-2026-s1/proyecto_2/models/r001hpc/data.0/systemcollector-48424-Fabs-Computer.sc
5537 [127023578228608] INFO perfrun.launcher <> - Launcher: all plugins were stopped.
5537 [127023578228608] INFO perfrun.launcher <> - DeadlineTimer is going to be destroyed
5537 [127023578228608] INFO perfrun.launcher <> - DeadlineTimer was destroyed
5537 [127023578228608] INFO perfrun.launcher <> - DirectoryMonitor object was destroyed
5537 [127023578228608] WARN perfrun.launcher <> - Stop command is ignored because it is received when collection is already stopped, at file: vcs/perfrun1/launcher/src/command_handler.cpp:226
5537 [127023578228608] INFO perfrun.launcher <> - Application exit code: 0
5537 [127023578228608] INFO perfrun.launcher <> - Exit code: 0
